NRS_CODE,STATION,SAMPLE_DATE_UTC,T_COP_ABUN_M3,COP_AVG_MM,HERB_CARN_RAT,COPES_SAMPLES,COPE_DIVERSITY,COPE_EVEN,CARBON_MGM3
DAR20110627,DAR,27/6/11 4:18,2156.9337,0.82709,0.928,32,207.50154,59.87229,1.7733
DAR20111005,DAR,5/10/11 0:01,356.5787,0.60775,0.97,28,226.92023,68.09913,0.4326
DAR20120114_21:30,DAR,14/1/12 21:30,7237.1163,0.61195,0.96,25,106.40507,33.05659,12.6893
DAR20120417,DAR,17/4/12 0:12,10520.5462,0.65083,0.947,26,116.97951,35.90425,8.7363
DAR20120730_01:30,DAR,30/7/12 1:30,4645.4362,0.65351,0.949,26,130.29305,39.99054,10.0183
DAR20121029,DAR,29/10/12 22:21,528.6615,0.61951,0.972,24,86.31062,27.15832,15.5547
DAR20121209_03:00,DAR,9/12/12 3:00,8722.9174,0.8117,0.962,29,115.64374,34.34321,4.1302
DAR20130405,DAR,5/4/13 0:10,4117.2842,0.69456,0.928,20,142.71622,47.63984,1.0196
DAR20130617_08:00,DAR,17/6/13 8:00,2019.2891,0.58571,0.954,25,191.32987,59.43997,3.7928
DAR20130617_15:00,DAR,17/6/13 15:00,4243.5817,0.70032,0.956,43,181.51296,48.25932,7.6485
DAR20130916,DAR,16/9/13 1:56,7450.379,0.6091,0.944,25,139.98832,43.48982,10.6483
DAR20140117_19:50,DAR,17/1/14 19:50,7713.5936,0.7618,0.944,27,124.8564,37.88306,0.4544
DAR20140403,DAR,3/4/14 22:33,12508.0877,0.56208,0.984,27,164.9641,50.05227,22.6371
DAR20140702,DAR,2/7/14 23:38,2924.8296,0.63451,0.931,22,217.05049,70.21919,10.0467
DAR20140906_00:30,DAR,6/9/14 0:30,4204.2891,0.58012,0.947,26,150.28811,46.12758,14.0295
DAR20141130,DAR,30/11/14 21:48,4322.1662,0.57009,0.96,20,103.05443,34.40041,9.2242
DAR20150203_00:30,DAR,3/2/15 0:30,16759.0725,0.7515,0.969,28,98.48914,29.55675,15.7415
DAR20150316,DAR,16/3/15 23:05,3456.7509,0.63471,0.981,21,94.51378,31.04388,11.9415
DAR20150505,DAR,5/5/15 22:54,5053.0058,0.60208,0.969,27,133.74714,40.58063,9.8847
DAR20150804_04:30,DAR,4/8/15 4:30,4088.8676,0.66765,0.97,23,112.59207,35.90888,6.6125
DAR20151117,DAR,17/11/15 22:46,2363.0919,0.52574,0.971,23,99.77317,31.82055,3.9383
DAR20160201_2130,DAR,1/2/16 21:30,3237.0909,0.58666,0.964,21,85.22285,27.99219,6.5741
DAR20160530,DAR,30/5/16 22:20,11127.6142,0.6218,0.989,20,83.09131,27.73656,9.4781
DAR20160724_0730,DAR,24/7/16 7:30,6031.3865,0.6157,0.974,23,99.47994,31.72704,10.0515
DAR20161107,DAR,7/11/16 22:41,6431.6785,0.58648,0.93,18,86.85499,30.04976,7.1087
DAR20170203_0630,DAR,3/2/17 6:30,4992.449,0.67856,0.917,27,140.09934,42.50797,15.4891
DAR20170516,DAR,16/5/17 23:17,7967.1164,0.68573,0.972,20,100.13812,33.42693,18.9634
DAR20170715_0630,DAR,15/7/17 6:30,4862.4372,0.57391,0.927,21,106.53846,34.99349,45.093
DAR20171009,DAR,9/10/17 22:27,2674.3407,0.64112,0.971,18,74.55647,25.79477,28.6859
ESP20090512,ESP,12/5/09 4:10,2546.1491,0.86918,0.949,24,90.23774,28.39402,7.733
ESP20090623,ESP,23/6/09 1:20,3292.7053,0.77901,0.952,27,123.90756,37.59517,3.349
ESP20090917,ESP,17/9/09 1:40,864.4336,0.77967,0.929,24,248.91832,78.32414,2.5065
ESP20091216,ESP,16/12/09 1:45,2660.0968,0.691,0.966,20,127.6199,42.60057,2.3392
ESP20100322,ESP,22/3/10 1:40,3709.205,0.62952,0.98,18,69.28262,23.97014,3.9389
ESP20100629,ESP,29/6/10 2:05,1445.9616,0.83524,0.956,33,316.0607,90.39325,2.2835
ESP20101013,ESP,13/10/10 0:15,1329.3933,0.5643,0.94,26,226.22927,69.43602,1.3109
ESP20110120,ESP,20/1/11 0:50,2204.3044,0.74055,0.998,33,201.96852,57.76293,1.1623
ESP20110512,ESP,12/5/11 2:10,7017.6275,0.6192,0.948,43,165.96424,44.12534,4.5348
ESP20110818,ESP,18/8/11 2:20,1191.8704,0.65818,0.933,34,324.11009,91.91065,2.0077
ESP20111130,ESP,30/11/11 6:38,6978.3347,0.7915,0.999,25,95.22183,29.58232,3.5955
ESP20120309,ESP,9/3/12 1:34,8385.0034,0.69214,0.976,45,183.54107,48.21575,7.6793
ESP20120612,ESP,12/6/12 1:24,1834.9557,0.73336,0.973,42,278.74034,74.57597,3.1077
ESP20120910,ESP,10/9/12 4:51,1567.7673,0.69935,0.939,36,251.8317,70.27497,2.0937
ESP20121212,ESP,12/12/12 1:10,3072.6676,0.67281,0.981,25,102.79702,31.93569,1.8509
ESP20130314,ESP,14/3/13 1:24,2931.2152,0.60027,0.99,36,173.15484,48.31978,4.5934
ESP20130725,ESP,25/7/13 1:57,2571.9703,0.63907,0.964,42,245.28475,65.62505,1.8661
KAI20091115,KAI,15/11/09 22:00,1067.9685,0.6652,0.984,31,197.55475,57.52926,1.0089
KAI20091215,KAI,15/12/09 20:45,777.9906,0.76014,0.997,30,192.96656,56.73489,0.2401
KAI20100112,KAI,12/1/10 20:30,138.6239,0.81836,0.956,25,162.2897,50.41813,3.9617
KAI20100419,KAI,19/4/10 21:30,215.7154,0.63676,0.975,16,55.24681,19.92608,0.3027
KAI20101120,KAI,20/11/10 18:30,163.2144,0.59775,0.994,22,100.97484,32.66692,0.3565
KAI20101213,KAI,13/12/10 22:00,1296.0608,0.73078,0.994,23,92.77262,29.58788,1.3203
KAI20110223,KAI,23/2/11 0:00,42.7009,0.59231,0.991,23,211.35623,67.40763,0.0855
KAI20110319,KAI,19/3/11 23:10,191.9261,0.71249,0.991,28,157.77002,47.34704,0.0988
KAI20110427,KAI,27/4/11 22:05,7.851,0.61809,0.987,24,79.84825,25.12489,0.0005
KAI20110718,KAI,18/7/11 23:30,2432.9866,0.48398,0.991,22,41.97923,13.58093,0.0032
KAI20111026,KAI,26/10/11 4:10,323.9265,0.8307,0.942,28,96.67812,29.01326,0.1855
KAI20111115,KAI,15/11/11 1:00,189.5469,0.68063,0.955,38,314.0573,86.33673,0.74
KAI20111219,KAI,19/12/11 23:00,438.5039,0.6347,0.969,30,173.21773,50.92846,0.1243
KAI20120116,KAI,16/1/12 20:30,375.5573,0.63633,0.982,41,202.95024,54.65095,1.0999
KAI20120215,KAI,15/2/12 1:20,382.9334,0.62999,0.95,45,341.70034,89.76376,0.508
KAI20120415,KAI,15/4/12 1:12,641.8425,0.81526,0.966,33,190.21898,54.40257,0.5609
KAI20130220,KAI,20/2/13 20:50,10.7504,0.6698,0.98,23,92.24035,29.41812,1.3033
KAI20130423,KAI,23/4/13 3:46,914.1385,0.74786,0.914,31,221.62635,64.53907,0.5676
KAI20130506,KAI,6/5/13 22:25,11.9884,0.76445,0.943,30,189.39826,55.68576,13.4832
KAI20130827,KAI,27/8/13 23:25,394.0474,0.66755,0.942,38,209.20284,57.51145,0.5417
KAI20140122,KAI,22/1/14 4:45,219.6561,0.62627,0.97,28,187.29834,56.20854,13.1278
KAI20140313,KAI,13/3/14 3:30,459.014,0.59559,0.971,45,219.34656,57.62175,36.8039
KAI20140507,KAI,7/5/14 4:15,1297.8286,0.65657,0.984,28,149.48608,44.86102,49.7266
KAI20140713,KAI,13/7/14 6:43,1916.6844,0.69331,0.959,28,128.46842,38.55358,1.2319
KAI20141029,KAI,29/10/14 0:30,908.8335,0.62553,0.972,35,185.88156,52.28224,1.6597
KAI20141201,KAI,1/12/14 19:35,2408.2325,0.67684,0.979,35,208.27374,58.58041,14.9173
KAI20150224,KAI,24/2/15 22:25,1810.5944,0.57184,0.969,39,201.30863,54.94889,3.1038
KAI20150408,KAI,8/4/15 21:41,231.9829,0.66796,0.65,42,165.54751,44.29164,0.3173
KAI20150629,KAI,29/6/15 22:05,680.3875,0.80825,0.99,40,172.98286,46.89306,0.1354
KAI20150909,KAI,9/9/15 3:20,498.6212,0.75798,0.977,35,259.48096,72.98328,5.0841
KAI20151116,KAI,16/11/15 23:20,1959.1203,0.50593,0.996,22,83.90085,27.14322,2.0805
KAI20160223,KAI,23/2/16 21:25,649.2678,0.77766,0.995,29,97.93609,29.08449,4.5748
KAI20160525,KAI,25/5/16 22:05,1563.0522,0.65158,0.982,27,83.40773,25.30699,2.3941
KAI20160915,KAI,15/9/16 1:48,1283.6833,0.6339,0.929,33,178.17604,50.95829,5.5101
KAI20161118,KAI,18/11/16 2:15,1619.6331,0.69484,0.985,37,146.91373,40.68598,3.5988
KAI20170315,KAI,15/3/17 1:57,922.9785,0.68854,0.984,36,171.03049,47.72697,10.9788
KAI20170518,KAI,18/5/17 1:45,2128.8631,0.66375,0.957,28,120.37977,36.12617,1.7824
KAI20170908,KAI,8/9/17 5:30,2203.1259,0.69624,0.912,35,202.5721,56.97673,2.6105
KAI20171129,KAI,29/11/17 4:20,3444.3734,0.57059,0.995,29,140.3901,41.69224,2.3767
MAI20090421,MAI,21/4/09 1:45,19.4191,0.64483,0.993,30,149.30434,43.89758,0.9947
MAI20090506,MAI,6/5/09 1:20,904.7081,0.68671,0.995,25,134.57659,41.80857,1.2849
MAI20090601,MAI,1/6/09 1:20,939.3346,0.74973,0.99,22,92.56278,29.94549,11.7059
MAI20090716,MAI,16/7/09 1:36,29.8819,1.27615,0.993,25,163.17206,50.69225,0.68
MAI20090820,MAI,20/8/09 1:30,33.9743,1.03784,0.971,28,179.64961,53.91314,0.6124
MAI20090907,MAI,7/9/09 1:25,15.9476,0.90203,0.977,21,231.53073,76.04829,0.1585
MAI20091013,MAI,13/10/09 0:00,629.1703,1.1208,0.894,37,318.41257,88.18051,3.3026
MAI20091111,MAI,11/11/09 0:30,539.2889,1.07504,0.994,34,320.57656,90.90862,10.5284
MAI20091207,MAI,7/12/09 0:10,206.1546,0.72474,0.985,33,238.3953,68.18098,18.5799
MAI20100120,MAI,20/1/10 23:50,780.9371,0.93148,0.998,33,211.32214,60.43806,2.452
MAI20100330,MAI,30/3/10 0:40,258.2778,0.9557,0.955,33,269.75112,77.14873,2.2554
MAI20100505,MAI,5/5/10 1:30,483.7177,0.86339,0.956,37,281.56297,77.97545,2.8057
MAI20100527,MAI,27/5/10 1:30,419.0539,0.95786,0.968,38,183.24705,50.376,1.3231
MAI20100615,MAI,15/6/10 1:10,198.4755,0.93393,0.995,38,248.21072,68.23501,0.6771
MAI20100722,MAI,22/7/10 1:10,105.7951,0.96443,0.987,31,221.58194,64.52614,0.1529
MAI20101001,MAI,1/10/10 2:40,333.4245,0.91883,1,21,102.4373,33.64643,0.8605
MAI20101027,MAI,27/10/10 1:50,210.4112,1.22532,1,33,345.44955,98.79846,4.3186
MAI20101214,MAI,14/12/10 0:05,279.3693,0.98084,1,19,167.76269,56.97611,8.5389
MAI20110118,MAI,18/1/11 23:30,1048.5187,0.96895,1,31,123.72259,36.02885,3.3498
MAI20110223,MAI,23/2/11 0:15,160.6076,1.02349,0.995,27,161.89607,49.12139,2.8271
MAI20110328,MAI,28/3/11 23:30,360.9993,1.028,0.974,31,270.66675,78.81996,2.857
MAI20110407,MAI,7/4/11 0:30,362.4731,0.93522,0.991,39,297.63884,81.24303,1.3557
MAI20110531,MAI,31/5/11 1:38,100.4066,0.95526,0.998,36,374.81016,104.59277,0.6433
MAI20110725,MAI,25/7/11 2:15,161.3448,0.93898,0.993,37,245.9781,68.12066,0.0794
MAI20110812,MAI,12/8/11 0:55,116.9938,1.07933,0.991,40,229.87161,62.31475,0.2044
MAI20111005,MAI,5/10/11 1:24,373.8393,1.0347,1,25,173.09093,53.77372,3.8289
MAI20111026,MAI,26/10/11 0:00,659.3762,1.11107,1,22,237.2724,76.76129,4.7973
MAI20111214,MAI,14/12/11 23:35,245.3312,1.53128,0.992,40,254.88579,69.09572,2.2269
MAI20120119,MAI,19/1/12 1:00,669.6903,1.06168,1,24,184.32456,57.99919,4.1495
MAI20120222,MAI,22/2/12 0:00,415.5174,1.04536,1,30,204.01041,59.98194,0.7998
MAI20120326,MAI,26/3/12 23:40,246.6586,0.86668,0.975,38,309.16983,84.99313,1.2353
MAI20120412,MAI,12/4/12 0:45,80.009,1.10345,0.979,28,272.67701,81.83082,0.742
MAI20120524,MAI,24/5/12 1:30,104.5744,1.32761,0.981,39,369.26261,100.79334,10.1574
MAI20120621,MAI,21/6/12 1:00,111.6891,1.00193,0.994,39,282.87996,77.21447,0.417
MAI20120724,MAI,24/7/12 0:50,192.4166,1.02043,0.986,35,201.57162,56.69533,0.5575
MAI20120820,MAI,20/8/12 1:15,161.344,1.17951,0.991,28,203.08264,60.94543,0.6152
MAI20121002,MAI,2/10/12 0:15,574.6521,1.12824,0.99,35,144.32126,40.59272,3.64
MAI20121017,MAI,17/10/12 23:52,602.9428,1.03522,1,29,134.75754,40.01951,7.3318
MAI20121112,MAI,12/11/12 23:45,674.8478,1.39341,1,26,134.96751,41.42527,5.5075
MAI20130129,MAI,29/1/13 23:33,543.7088,1.21585,1,17,122.98531,43.40842,6.1079
MAI20130214,MAI,14/2/13 0:00,560.299,0.93505,1,23,142.81739,45.54861,3.1682
MAI20130313,MAI,13/3/13 23:00,321.5841,0.83873,1,28,207.27006,62.20208,1.4366
MAI20130424,MAI,24/4/13 0:50,811.1432,0.8279,0.956,38,329.33158,90.53575,2.6594
MAI20130611,MAI,11/6/13 1:55,1483.0435,0.69324,0.993,33,103.26524,29.53382,0.9481
MAI20130807,MAI,7/8/13 1:30,410.2132,0.91328,0.961,36,336.99046,94.03898,0.8911
MAI20130821,MAI,21/8/13 1:21,60.077,1.06085,0.95,34,288.07679,81.69238,0.2114
MAI20130924,MAI,24/9/13 1:40,262.2768,1.0025,0.994,37,277.36558,76.81304,0.0672
MAI20131117,MAI,17/11/13 23:50,427.7029,0.91992,1,22,195.51988,63.2537,2.7237
MAI20131217,MAI,17/12/13 0:05,375.7339,0.68499,0.997,27,192.98109,58.55299,6.3048
MAI20140122,MAI,22/1/14 23:50,333.2001,0.85285,0.994,29,297.76142,88.42746,6.545
MAI20140205,MAI,5/2/14 0:05,547.5084,0.73371,0.991,22,246.07683,79.60966,7.0533
MAI20140318,MAI,18/3/14 23:55,1268.3586,1.12072,0.982,32,160.99409,46.45307,13.3285
MAI20140408,MAI,8/4/14 1:03,194.8907,1.03383,0.979,46,402.51973,105.13383,1.4901
MAI20140516,MAI,16/5/14 0:20,257.5622,1.05054,0.99,36,303.27768,84.63125,2.504
MAI20140619,MAI,19/6/14 1:30,206.9921,1.00999,0.976,38,252.40434,69.38786,0.4062
MAI20140703,MAI,3/7/14 1:30,154.4186,0.99682,0.968,40,329.15107,89.22793,0.2197
MAI20140807,MAI,7/8/14 2:00,82.219,0.98636,0.97,37,310.31872,85.93901,0.0574
MAI20140821,MAI,21/8/14 1:50,412.0986,0.91521,0.997,31,176.45848,51.38589,0.3613
MAI20140915,MAI,15/9/14 23:20,2112.3609,0.87073,1,28,119.11214,35.74575,7.0758
MAI20141029,MAI,29/10/14 22:27,153.2397,0.85229,1,25,246.19115,76.48358,3.743
MAI20141127,MAI,27/11/14 22:30,463.2578,1.24193,0.994,23,200.73333,64.01968,3.5279
MAI20141208,MAI,8/12/14 23:05,121.8369,1.07272,1,20,221.57529,73.96365,1.3316
MAI20150224,MAI,24/2/15 23:20,436.6173,1.06503,0.964,42,390.96306,104.60075,1.4455
MAI20150312,MAI,12/3/15 22:33,243.8378,1.17115,0.989,34,502.77784,142.57698,0.4331
MAI20150421,MAI,21/4/15 0:50,2126.8429,0.91281,0.993,33,186.29101,53.27917,3.8346
MAI20150526,MAI,26/5/15 0:35,295.4794,0.94574,0.968,29,193.00911,57.31873,27.5664
MAI20150723,MAI,23/7/15 0:45,327.6982,0.88241,0.984,25,94.19959,29.26475,0.6355
MAI20150811,MAI,11/8/15 23:35,218.466,1.05763,1,20,114.86908,38.34424,0.4301
MAI20151001,MAI,1/10/15 1:05,1240.0691,1.62466,0.996,20,96.1683,32.10177,8.6859
MAI20151118,MAI,18/11/15 23:45,492.7273,0.63861,1,28,180.40918,54.14109,7.9174
MAI20151216,MAI,16/12/15 22:35,403.1394,1.24237,0.974,33,265.56545,75.95163,0.8958
MAI20160209,MAI,9/2/16 23:45,348.9169,0.99549,0.984,21,125.35595,41.17426,1.3487
MAI20160303,MAI,3/3/16 23:15,2300.9643,0.88727,1,20,118.71704,39.62872,3.1422
MAI20160321,MAI,21/3/16 23:11,707.2641,0.9759,0.963,25,152.07724,47.24545,1.9394
MAI20160428,MAI,28/4/16 0:47,431.4305,0.88798,0.954,32,231.49776,66.79613,4.3631
MAI20160530,MAI,30/5/16 23:45,884.0797,0.7897,0.994,21,101.46239,33.32621,1.2021
MAI20160630,MAI,30/6/16 23:30,108.4472,0.96665,0.995,20,136.31582,45.50334,0.1247
MAI20160720,MAI,20/7/16 23:30,168.1707,0.98259,1,24,149.08175,46.90976,0.101
MAI20160831,MAI,31/8/16 0:26,381.9225,1.02496,1,24,105.1375,33.08235,0.9139
MAI20160927,MAI,27/9/16 0:10,1923.7572,0.94958,1,26,104.95052,32.21222,3.3541
MAI20161117,MAI,17/11/16 22:10,315.9108,0.74209,1,15,70.83559,26.15741,1.809
MAI20170104,MAI,4/1/17 22:45,556.3805,1.01612,1,28,151.41816,45.44084,3.502
MAI20170223,MAI,23/2/17 21:50,426.7152,1.00677,0.979,30,282.81506,83.15162,5.5641
MAI20170323,MAI,23/3/17 22:30,711.9791,1.0053,0.927,33,146.89511,42.01195,2.8422
MAI20170412,MAI,12/4/17 0:15,322.198,1.11907,0.957,29,185.19438,54.99795,3.284
MAI20170601,MAI,1/6/17 23:00,355.5174,1.01169,1,23,69.78186,22.25546,3.7629
MAI20170626,MAI,26/6/17 23:25,18.7686,1.04953,1,26,151.48924,46.49624,0.2345
MAI20170801,MAI,1/8/17 0:01,36.6315,1.0503,0.994,29,209.15088,62.11242,4.2867
MAI20170921,MAI,21/9/17 23:15,329.1134,1.03096,1,27,118.91413,36.0801,4.5801
MAI20171015,MAI,15/10/17 22:50,378.7792,0.85743,1,21,104.78516,34.4176,5.875
MAI20171123,MAI,23/11/17 22:50,234.8115,1.57821,0.99,25,133.99711,41.62854,4.5755
MAI20171217,MAI,17/12/17 22:40,185.4595,1.05915,0.995,25,196.51918,61.05211,4.4914
MAI20180116,MAI,16/1/18 23:30,834.5713,0.97433,0.994,20,75.85109,25.31972,16.5811
MAI20180301,MAI,1/3/18 22:30,928.873,0.76518,1,23,123.63736,39.43154,NA
MAI20180315,MAI,15/3/18 21:45,2131.2212,0.90043,0.979,31,149.50567,43.53705,NA
NIN20101108,NIN,8/11/10 7:00,1113.9399,0.75795,0.96,30,226.66017,66.64129,10.7361
NIN20110209,NIN,9/2/11 2:15,12271.0232,0.7051,0.968,45,154.45353,40.57453,19.3067
NIN20110501,NIN,1/5/11 0:24,1073.0214,0.78451,0.922,53,303.03861,76.32653,4.9074
NIN20110706,NIN,6/7/11 3:04,1633.7783,0.68864,0.93,51,358.91403,91.28432,3.2763
NIN20111107,NIN,7/11/11 2:00,1188.2027,0.78281,0.957,33,190.43759,54.46509,5.9133
NIN20120226,NIN,26/2/12 1:54,6153.1937,0.68647,0.942,37,201.63993,55.84174,8.4829
NIN20120509,NIN,9/5/12 2:50,1329.656,0.79662,0.98,29,124.56367,36.9922,8.3492
NIN20120827,NIN,27/8/12 0:05,5369.5449,0.63323,0.933,48,211.10396,54.5319,6.5894
NIN20121107,NIN,7/11/12 4:00,2497.6507,0.69062,0.949,27,149.13549,45.24966,2.6185
NIN20130209,NIN,9/2/13 1:22,8642.7613,0.69474,0.988,42,259.76632,69.49954,16.094
NIN20130509,NIN,9/5/13 2:20,2928.0706,0.75862,0.977,50,366.84411,93.77351,4.2286
NIN20130806,NIN,6/8/13 6:03,2932.7868,0.67759,0.955,42,287.78369,76.99549,8.566
NSI20080929,NSI,29/9/08 0:30,768.3449,1.07908,0.908,48,276.15252,71.3351,4.1803
NSI20081030,NSI,30/10/08 0:30,2694.0313,0.76715,0.974,32,126.41602,36.47595,3.9678
NSI20081119,NSI,19/11/08 0:30,756.5572,0.93786,0.885,42,428.11036,114.53938,2.3245
NSI20081217,NSI,17/12/08 1:00,2600.8007,0.80336,0.931,36,296.17507,82.64923,10.6567
NSI20090114,NSI,14/1/09 0:30,1736.0104,0.80034,0.901,35,276.88483,77.8784,6.0834
NSI20090218,NSI,18/2/09 0:30,2446.4886,0.8282,0.942,38,280.40463,77.08536,5.2312
NSI20090318,NSI,18/3/09 0:30,877.6494,0.81599,0.94,34,223.44575,63.36441,3.5121
NSI20090416,NSI,16/4/09 0:30,742.6265,0.73449,0.892,34,224.24216,63.59025,3.2501
NSI20090527,NSI,27/5/09 2:03,1602.0592,0.73717,0.962,38,271.20974,74.55761,3.5454
NSI20090618,NSI,18/6/09 3:30,1980.3376,0.76521,0.928,39,242.19775,66.10991,7.6004
NSI20090720,NSI,20/7/09 1:07,1761.729,0.6838,0.977,35,232.39599,65.36519,14.9343
NSI20090819,NSI,19/8/09 22:45,1205.5623,0.72764,0.968,38,269.41424,74.06402,17.1312
NSI20090916,NSI,16/9/09 22:30,27.2311,0.7322,0.987,36,252.92971,70.58138,4.8953
NSI20091006,NSI,6/10/09 23:07,1350.2301,0.80039,0.939,33,239.96159,68.62893,12.4583
NSI20091015,NSI,15/10/09 0:10,1549.5497,0.76977,0.966,43,284.0808,75.5293,9.4263
NSI20091021,NSI,21/10/09 23:20,1059.8233,0.77914,0.953,38,321.21648,88.30484,6.1545
NSI20091101,NSI,1/11/09 23:02,1713.5061,0.70818,0.929,45,284.02502,74.61261,4.8953
NSI20091115,NSI,15/11/09 22:20,1835.6702,0.84963,0.957,40,311.8904,84.54882,10.1358
NSI20091215,NSI,15/12/09 23:00,5863.8584,0.42713,0.998,27,94.81859,28.7692,8.2645
NSI20100121,NSI,21/1/10 23:50,1906.3968,0.71524,0.968,38,210.02589,57.73771,10.8962
NSI20100214,NSI,14/2/10 23:30,1430.6006,0.70472,0.967,41,257.53563,69.34984,12.4436
NSI20100322,NSI,22/3/10 23:15,3388.436,0.7647,0.959,49,194.24129,49.91014,13.5926
NSI20100411,NSI,11/4/10 22:35,1372.734,0.73519,0.925,49,305.28241,78.44206,5.5214
NSI20100520,NSI,20/5/10 22:21,2382.192,0.71463,0.934,48,246.94887,63.79128,5.1165
NSI20100618,NSI,18/6/10 2:30,2986.5809,0.75138,0.957,44,232.00101,61.30798,7.0121
NSI20100711,NSI,11/7/10 22:45,3124.8192,0.62909,0.992,29,116.02137,34.45535,5.9309
NSI20100817,NSI,17/8/10 22:25,2301.8216,0.75793,0.965,40,169.31498,45.89876,5.7199
NSI20100916,NSI,16/9/10 2:45,943.0176,0.69191,0.945,39,293.45566,80.10119,4.3365
NSI20101018,NSI,18/10/10 0:00,4198.5739,0.72752,0.965,37,168.38789,46.63299,8.122
NSI20101115,NSI,15/11/10 23:30,1118.7619,0.73945,0.919,34,293.14582,83.12985,10.5517
NSI20101215,NSI,15/12/10 22:30,3658.4816,0.73656,0.972,42,138.86299,37.15229,3.8513
NSI20110119,NSI,19/1/11 0:00,1831.3835,0.7645,0.968,38,225.15591,61.89707,4.3886
NSI20110220,NSI,20/2/11 23:40,4256.4415,0.68327,0.947,50,222.76694,56.94418,2.2769
NSI20110323,NSI,23/3/11 0:20,1125.1917,0.77196,0.951,32,154.16764,44.48338,1.9704
NSI20110412,NSI,12/4/11 23:25,4275.7302,0.78671,0.945,54,203.61361,51.04398,3.1504
NSI20110606,NSI,6/6/11 0:00,1498.112,0.57839,0.959,49,285.42135,73.33878,1.7781
NSI20110623,NSI,23/6/11 0:25,1440.2453,0.63726,0.969,41,222.41734,59.8931,2.0863
NSI20110727,NSI,27/7/11 23:30,1181.2211,0.664,0.919,45,194.18064,51.01073,2.0263
NSI20110816,NSI,16/8/11 0:00,1176.6284,0.8046,0.963,54,291.69689,73.12561,5.321
NSI20110915,NSI,15/9/11 1:10,1456.3194,0.64242,0.976,38,235.04427,64.61545,2.9738
NSI20111013,NSI,13/10/11 0:30,1613.8461,0.58479,0.979,45,321.277,84.3986,3.2314
NSI20111116,NSI,16/11/11 0:00,2198.9461,0.56238,0.974,45,344.77814,90.57229,5.5006
NSI20111220,NSI,20/12/11 23:15,1941.7604,0.72469,0.96,40,186.86134,50.65531,1.9477
NSI20120213,NSI,13/2/12 22:00,1510.9716,0.6281,0.931,48,279.99981,72.32893,2.1547
NSI20120229,NSI,29/2/12 23:45,1121.9766,0.71867,0.964,44,211.1701,55.80325,2.9095
NSI20120511,NSI,11/5/12 0:05,2189.3018,0.75472,0.976,42,242.66799,64.92494,3.92
NSI20120620,NSI,20/6/12 0:20,2841.9133,0.76564,0.957,50,252.14022,64.45264,2.4655
NSI20120806,NSI,6/8/12 0:15,1392.0228,0.74291,0.948,51,287.3291,73.07778,2.368
NSI20120821,NSI,21/8/12 0:15,1864.6033,0.6378,0.961,45,263.33669,69.17784,4.4991
NSI20120912,NSI,12/9/12 0:20,1332.2274,0.62927,0.96,43,217.92957,57.9415,6.1273
NSI20121017,NSI,17/10/12 0:20,1980.3376,0.58153,0.954,40,205.71349,55.76585,7.0058
NSI20121114,NSI,14/11/12 0:45,1906.3963,0.7154,0.974,46,257.16762,67.16942,6.2988
NSI20130111,NSI,11/1/13 0:40,3626.3336,0.76215,0.917,52,239.61708,60.64346,4.6513
NSI20130123,NSI,23/1/13 0:15,1745.6544,0.75851,0.943,49,309.92828,79.63581,3.6307
NSI20130326,NSI,26/3/13 1:10,2481.8526,0.86992,0.949,46,235.93226,61.62297,2.8181
NSI20130418,NSI,18/4/13 0:05,791.9712,0.63823,0.956,40,278.90847,75.60791,2.7911
NSI20130520,NSI,20/5/13 0:05,2067.1376,0.83495,0.966,50,217.85381,55.68827,3.5932
NSI20130706,NSI,6/7/13 23:40,1941.7604,0.70164,0.956,43,182.38817,48.49202,1.6748
NSI20130806,NSI,6/8/13 0:15,1477.7517,0.64788,0.978,41,225.59274,60.74818,4.3386
NSI20130819,NSI,19/8/13 0:10,993.3831,0.59194,0.954,53,468.84027,118.0871,1.6603
NSI20130913,NSI,13/9/13 0:25,2372.5479,0.70329,0.956,42,189.21392,50.6235,3.2941
NSI20131016,NSI,16/10/13 0:40,718.2851,0.67627,0.96,42,255.9283,68.47269,5.7763
NSI20131121,NSI,21/11/13 23:55,2829.0549,0.60849,0.946,45,206.4624,54.23712,4.7055
NSI20131212,NSI,12/12/13 0:20,2841.9139,0.63489,0.973,35,146.46096,41.19455,3.5516
NSI20140213,NSI,13/2/14 0:20,1161.0132,0.72839,0.964,49,252.17848,64.79705,4.1803
NSI20140306,NSI,6/3/14 0:15,2362.9029,0.59299,0.982,44,209.9126,55.47095,7.4705
NSI20140404,NSI,4/4/14 0:45,1494.8971,0.70278,0.901,52,295.79096,74.86022,4.6846
NSI20140507,NSI,7/5/14 0:25,1285.9337,0.63788,0.961,43,275.0234,73.12118,3.1836
NSI20140623,NSI,23/6/14 0:20,2337.1845,0.63907,0.957,46,250.93632,65.54187,3.2439
NSI20140725,NSI,25/7/14 0:35,2520.4296,0.63874,0.973,56,303.79864,75.47133,3.9533
NSI20140901,NSI,1/9/14 0:10,1913.4698,0.70057,0.965,47,234.3932,60.87902,2.9551
NSI20140917,NSI,17/9/14 0:30,3015.5153,0.57726,0.972,45,228.56394,60.04313,6.5832
NSI20141020,NSI,20/10/14 0:45,1674.9283,0.59485,0.931,40,256.6675,69.57872,2.134
NSI20141107,NSI,7/11/14 0:35,2327.5396,0.65372,0.947,51,302.03544,76.81812,3.639
NSI20141223,NSI,23/12/14 0:35,2739.0394,0.61242,0.945,45,235.47025,61.8574,3.3728
NSI20150119,NSI,19/1/15 0:35,1922.4707,0.60336,0.941,42,258.73481,69.22356,4.0386
NSI20150304,NSI,4/3/15 0:30,2362.9027,0.59856,0.941,43,307.74778,81.8217,2.0098
NSI20150323,NSI,23/3/15 1:40,3401.2952,0.98974,0.945,53,259.44213,65.34586,5.2187
NSI20150512,NSI,12/5/15 0:15,1091.5729,0.66528,0.923,50,273.64977,69.95096,3.1026
NSI20150528,NSI,28/5/15 0:15,1581.6978,0.65299,0.984,41,214.1624,57.67019,3.0071
NSI20150624,NSI,24/6/15 0:30,2166.7977,0.62643,0.968,45,248.41163,65.25707,2.8638
NSI20150731,NSI,31/7/15 0:15,1610.632,0.6625,0.899,39,288.78158,78.82536,4.5158
NSI20150817,NSI,17/8/15 0:30,1253.7849,0.64654,0.967,41,258.6186,69.64147,5.01
NSI20150907,NSI,7/9/15 0:40,1105.9033,0.61212,0.952,32,183.02342,52.8094,4.4178
NSI20151027,NSI,27/10/15 0:50,1578.4832,0.5554,0.966,36,170.58178,47.60175,1.5571
NSI20151119,NSI,19/11/15 0:24,3163.3974,0.5606,0.982,36,156.61045,43.70298,3.0029
NSI20151216,NSI,16/12/15 0:30,1864.6046,0.61664,0.968,33,136.41152,39.01365,4.6763
NSI20160120,NSI,20/1/16 0:30,1845.3155,0.54202,0.953,32,141.59655,40.85613,3.4643
NSI20160318,NSI,18/3/16 0:30,1125.1916,0.70434,0.913,41,232.77973,62.68351,4.6742
NSI20160412,NSI,12/4/16 0:45,1273.0745,0.73593,0.865,31,120.94436,35.2198,2.3577
NSI20160517,NSI,17/5/16 0:30,1639.5663,0.80333,0.939,47,215.66814,56.01555,3.1712
NSI20160623,NSI,23/6/16 0:30,1973.9086,0.65024,0.955,34,163.47214,46.35718,4.3865
NSI20160720,NSI,20/7/16 0:30,1138.0522,0.91593,0.948,37,172.32245,47.72262,2.9095
NSI20160822,NSI,22/8/16 0:50,2083.2125,0.68131,0.992,34,178.04069,50.48851,5.653
NSI20160920,NSI,20/9/16 0:15,675.1151,0.73879,0.971,30,137.33026,40.37703,3.3728
NSI20161019,NSI,19/10/16 23:40,1691.0033,0.53656,0.955,37,181.37314,50.2291,4.1803
NSI20161116,NSI,16/11/16 0:15,1813.1671,0.72543,0.943,41,232.24316,62.53902,4.2094
NSI20161215,NSI,15/12/16 0:15,1993.1977,0.9166,0.977,29,104.11263,30.91877,13.6579
NSI20170117,NSI,17/1/17 0:30,3182.6866,0.64931,0.979,50,254.70465,65.10817,4.0678
NSI20170217,NSI,17/2/17 0:30,5053.7194,0.58608,0.964,32,176.37817,50.89198,5.8828
NSI20170424,NSI,24/4/17 1:00,2327.5407,0.60581,0.937,36,178.69675,49.86628,3.6244
NSI20170516,NSI,16/5/17 0:20,1305.2231,0.62096,0.94,37,144.43489,39.99949,3.3645
NSI20170627,NSI,27/6/17 0:20,1633.136,0.57854,0.956,34,152.83655,43.34116,2.9572
NSI20170717,NSI,17/7/17 1:05,1707.0765,0.62249,0.953,40,239.41519,64.90187,3.1172
NSI20170829,NSI,29/8/17 1:50,2514.0005,0.60045,0.942,39,249.55679,68.11863,3.2751
NSI20170927,NSI,27/9/17 0:40,2475.4226,0.55718,0.977,34,229.68528,65.13381,5.1749
NSI20171023,NSI,23/10/17 0:25,1333.1917,0.74098,0.991,30,136.96615,40.26998,3.7751
NSI20171116,NSI,16/11/17 0:30,1613.847,0.565,0.981,37,154.19734,42.70309,2.5318
NSI20171219,NSI,19/12/17 0:45,2308.2514,0.55243,0.971,42,202.35472,54.13927,2.648
PHB20090223,PHB,23/2/09 22:27,805.1015,0.71124,0.978,38,241.99923,66.52742,45.9568
PHB20090318,PHB,18/3/09 22:39,1154.6083,0.77221,0.969,41,226.84584,61.08562,5.7467
PHB20090422,PHB,22/4/09 23:38,578.5417,0.78551,0.935,35,165.60599,46.5794,12.6649
PHB20090518,PHB,18/5/09 23:25,715.3472,0.79692,0.948,42,194.05445,51.91857,14.3681
PHB20090623,PHB,23/6/09 23:10,596.1228,0.70219,0.956,40,264.66521,71.74678,1.0733
PHB20090714,PHB,14/7/09 23:15,430.4205,0.68809,0.986,30,216.87538,63.76442,0.8732
PHB20090819,PHB,19/8/09 23:19,1706.2742,0.64933,0.991,38,204.7503,56.28741,3.0352
PHB20090920,PHB,20/9/09 23:17,738.5012,0.64485,0.984,29,203.91424,60.55727,5.1208
PHB20090920,PHB,20/9/09 23:17,4296.6261,0.50152,0.996,21,170.3507,55.95318,5.1208
PHB20090924,PHB,24/9/09 22:45,5450.8182,0.49969,0.998,12,81.86161,32.94353,10.4773
PHB20090924,PHB,24/9/09 22:45,658.6395,0.61348,1,27,137.27943,41.65237,10.4773
PHB20091011,PHB,11/10/09 22:28,2691.1376,0.78993,0.998,41,194.41763,52.35327,30.5105
PHB20091011,PHB,11/10/09 22:28,9516.2317,0.65725,0.992,34,213.79852,60.62866,30.5105
PHB20091018,PHB,18/10/09 22:55,6651.814,0.60378,0.997,23,131.49468,41.93747,6.3974
PHB20091018,PHB,18/10/09 22:55,1594.8794,0.62538,0.998,26,82.51947,25.32751,6.3974
PHB20091110,PHB,10/11/09 22:45,605.889,0.77306,0.994,33,215.83976,61.7301,12.3189
PHB20091206,PHB,6/12/09 22:14,1142.2302,0.75706,0.981,32,148.25291,42.77675,21.3601
PHB20100119,PHB,19/1/10 22:20,1135.1577,0.61942,0.988,31,138.23335,40.25448,20.7777
PHB20100218,PHB,18/2/10 22:05,973.6648,0.78422,0.94,53,313.16402,78.87683,8.5671
PHB20100316,PHB,16/3/10 22:05,12.2575,0.68114,0.941,43,245.25283,65.206,9.9957
PHB20100413,PHB,13/4/10 23:18,1732.7953,0.74084,0.953,47,201.92753,52.4467,16.7203
PHB20100510,PHB,10/5/10 23:13,1326.1192,0.72273,0.981,31,137.07731,39.91783,5.7249
PHB20100609,PHB,9/6/10 0:53,848.7167,0.65361,0.977,41,213.06869,57.37567,3.1449
PHB20100702,PHB,2/7/10 1:35,1372.0913,0.75302,0.981,30,136.93203,40.25995,18.294
PHB20100817,PHB,17/8/10 23:30,1464.0355,0.67396,0.981,38,146.79254,40.35438,21.6485
PHB20100908,PHB,8/9/10 23:30,1782.3052,0.75115,0.986,52,254.52115,64.41545,21.9485
PHB20101110,PHB,10/11/10 22:10,250.5741,0.97218,0.991,33,174.39621,49.87726,3.3381
PHB20101213,PHB,13/12/10 22:30,771.9279,0.89655,0.996,35,156.29125,43.95948,7.5207
PHB20110203,PHB,3/2/11 22:58,645.0035,0.70874,0.985,43,253.82921,67.48623,3.4113
PHB20110228,PHB,28/2/11 22:30,1690.3596,0.62504,0.99,31,99.89924,29.09133,0.4249
PHB20110329,PHB,29/3/11 22:33,960.1113,0.74727,0.94,53,298.98503,75.30555,1.0847
PHB20110420,PHB,20/4/11 23:36,488.0123,0.75593,0.958,53,268.10089,67.52675,0.1899
PHB20110517,PHB,17/5/11 23:25,79.7432,0.69529,0.977,52,331.29211,83.84502,0.0601
PHB20110619,PHB,19/6/11 23:34,316.8548,0.66295,0.984,44,160.51331,42.41682,0.4249
PHB20110717,PHB,17/7/11 23:38,46.8176,0.59964,0.978,41,355.072,95.61468,0.1287
PHB20110829,PHB,29/8/11 0:03,322.9836,0.66066,0.949,35,227.95095,64.11495,1.1322
PHB20110914,PHB,14/9/11 23:43,388.1115,0.74235,0.971,43,313.36131,83.31418,0.4586
PHB20111018,PHB,18/10/11 22:31,1209.4207,0.75342,0.996,32,146.59775,42.29917,2.6562
PHB20111117,PHB,17/11/11 22:36,233.3373,0.62854,0.992,37,304.53328,84.3368,1.5461
PHB20111206,PHB,6/12/11 22:30,405.4974,0.56925,0.991,23,81.23395,25.90786,10.4793
PHB20120212,PHB,12/2/12 23:00,286.1601,0.84086,0.907,48,340.50482,87.95844,4.0327
PHB20120311,PHB,11/3/12 22:00,1121.0137,0.65699,0.984,48,276.21472,71.35117,1.4122
PHB20120517,PHB,17/5/12 23:33,135.4405,0.75251,0.952,53,343.55095,86.5304,1.8029
PHB20120628,PHB,28/6/12 0:00,918.0282,0.59704,0.97,43,159.04245,42.28503,1.2353
PHB20120717,PHB,17/7/12 0:00,278.3081,0.56558,0.964,48,237.61887,61.38118,1.3487
PHB20120821,PHB,21/8/12 23:19,480.9404,0.69316,0.977,44,269.80242,71.29728,4.5266
PHB20120917,PHB,17/9/12 23:38,392.0268,0.85723,0.983,36,251.0756,70.06398,17.6672
PHB20121009,PHB,9/10/12 22:44,769.5416,0.49317,0.989,36,228.44551,63.74893,3.1632
PHB20121120,PHB,20/11/12 22:30,1251.8567,0.84147,0.983,29,117.10011,34.77571,10.0892
PHB20121218,PHB,18/12/12 22:31,795.6726,0.56069,0.994,36,177.69585,49.58697,0.7851
PHB20130125,PHB,24/1/13 23:54,1584.2706,0.71095,0.991,28,122.16008,36.66044,4.3696
PHB20130227,PHB,27/2/13 21:03,195.6229,0.85281,0.994,33,166.54488,47.63178,0.5676
PHB20130319,PHB,19/3/13 22:27,207.3692,0.7075,0.969,54,314.3378,78.80147,0.6442
PHB20130422,PHB,22/4/13 23:32,392.0262,0.76563,0.981,28,142.64652,42.80845,0.3968
PHB20130514,PHB,14/5/13 23:40,34.4475,0.57045,0.96,39,283.00211,77.24781,0.229
PHB20130611,PHB,11/6/13 23:55,468.2079,0.68285,0.963,51,195.74767,49.78544,NA
PHB20130725,PHB,25/7/13 23:24,1289.7462,0.74251,0.994,35,172.99058,48.65644,1.2387
PHB20130826,PHB,26/8/13 23:30,561.481,0.71958,0.986,40,150.70373,40.85352,4.8193
PHB20130915,PHB,15/9/13 22:15,151.0758,0.54097,0.986,37,352.75909,97.69236,1.3877
PHB20131020,PHB,20/10/13 22:36,1439.2813,0.54274,0.987,38,171.73163,47.21033,1.4655
PHB20131027,PHB,27/10/13 23:17,1386.2361,0.61418,0.982,41,176.82219,47.61512,2.8605
PHB20131202,PHB,2/12/13 22:30,561.6855,0.58339,0.975,39,189.21785,51.64861,0.9919
PHB20140120,PHB,20/1/14 22:43,486.6989,0.64229,0.973,45,283.40733,74.45034,1.3989
PHB20140211,PHB,11/2/14 22:57,1081.9888,0.63636,0.978,42,225.21038,60.25422,1.444
PHB20140317,PHB,17/3/14 22:48,1052.0556,0.5482,0.977,48,345.43349,89.23161,1.4839
PHB20140427,PHB,27/4/14 23:38,2029.8459,0.64151,0.955,48,196.73314,50.81967,1.87
PHB20140515,PHB,15/5/14 23:35,1376.3347,0.60619,0.966,69,321.95394,76.03822,1.4133
PHB20140612,PHB,12/6/14 23:20,1917.6329,0.50326,0.98,46,223.25247,58.31115,3.6309
PHB20140716,PHB,16/7/14 0:00,2341.0421,0.52159,0.987,37,165.46254,45.82285,1.6415
PHB20140824,PHB,24/8/14 23:57,921.8004,0.53368,0.989,35,267.02378,75.10482,1.6268
PHB20140911,PHB,11/9/14 0:13,636.8977,0.61701,0.992,38,241.74514,66.45757,9.2708
PHB20141021,PHB,21/10/14 22:30,2167.7629,0.51323,0.982,33,171.31702,48.99661,2.5649
PHB20141112,PHB,12/11/14 22:36,1845.348,0.53166,0.986,37,184.90307,51.20667,1.8075
PHB20141208,PHB,8/12/14 22:51,790.6847,0.47995,0.991,37,258.61483,71.62025,0.9364
PHB20150121,PHB,21/1/15 22:48,912.3691,0.64065,0.996,36,208.25106,58.11357,1.4621
PHB20150225,PHB,25/2/15 22:37,1746.9403,0.54363,0.973,54,233.25129,58.47386,2.3209
PHB20150330,PHB,30/3/15 22:32,1573.6609,0.5428,0.958,42,189.43087,50.68155,1.5444
PHB20150518,PHB,18/5/15 23:43,1976.8016,0.57832,0.959,40,202.64831,54.93492,1.5302
PHB20150630,PHB,30/6/15 1:11,1184.6663,0.57688,0.98,39,174.26749,47.56778,0.9365
PHB20150723,PHB,23/7/15 0:07,1057.2874,0.52462,0.984,32,127.05024,36.65895,1.1555
PHB20150819,PHB,19/8/15 0:03,574.6524,0.49195,0.989,27,138.04993,41.88616,1.5631
PHB20151013,PHB,13/10/15 22:42,1350.8734,0.52596,0.989,27,161.3281,48.94905,1.224
PHB20151115,PHB,15/11/15 22:33,1044.9826,0.55394,0.986,37,195.73193,54.20559,2.6037
PHB20160201,PHB,1/2/16 23:52,1481.7167,0.58947,0.966,50,220.6349,56.39918,2.4349
PHB20160229,PHB,29/2/16 22:00,1269.5379,0.6368,0.965,34,140.62274,39.87758,3.5988
PHB20160407,PHB,7/4/16 23:13,1597.2377,0.56749,0.972,43,187.57069,49.8699,1.9883
PHB20160502,PHB,2/5/16 23:14,1863.6393,0.7097,0.976,40,126.40304,34.26597,1.2353
PHB20160615,PHB,15/6/16 1:06,1032.6045,0.68433,0.976,32,110.68139,31.9359,1.1934
PHB20160719,PHB,19/7/16 0:19,1287.2195,0.56882,0.987,40,160.24017,43.43871,1.9679
PHB20160829,PHB,29/8/16 23:20,1955.5831,0.56818,0.976,49,217.40445,55.86189,3.0089
PHB20160926,PHB,26/9/16 23:54,1053.8223,0.6469,0.996,35,194.85695,54.80671,3.425
PHB20161030,PHB,30/10/16 22:35,574.6519,0.53844,0.987,29,212.05051,62.97353,2.8513
PHB20161204,PHB,4/12/16 22:45,574.6524,0.53855,0.996,36,258.81083,72.22254,5.4458
PHB20170205,PHB,5/2/17 23:49,1746.9408,0.55787,0.998,34,171.52256,48.64011,2.8376
PHB20170321,PHB,21/3/17 22:21,1994.4824,0.76516,0.957,46,205.02219,53.54959,2.043
PHB20170419,PHB,19/4/17 0:00,1152.839,0.7461,0.928,38,208.96706,57.44663,2.921
PHB20170517,PHB,17/5/17 23:45,1195.275,0.79,0.933,36,176.60655,49.283,1.679
PHB20170614,PHB,14/6/17 22:52,2970.5064,0.6278,0.958,49,255.76453,65.71848,1.9428
PHB20170716,PHB,16/7/17 23:42,1225.9241,0.63002,0.959,39,274.45135,74.91381,1.8507
PHB20170820,PHB,20/8/17 23:50,1492.3257,0.66399,0.967,41,210.0379,56.55953,NA
PHB20170920,PHB,20/9/17 22:48,350.0958,0.76922,0.981,29,159.24544,47.29179,5.4056
PHB20171024,PHB,24/10/17 22:01,217.4841,0.87549,0.961,24,118.90839,37.41548,2.6208
ROT20091026,ROT,26/10/09 1:53,1713.1497,0.8441,0.964,30,198.16127,58.26221,3.6413
ROT20091222,ROT,22/12/09 2:00,1095.6974,0.75112,0.969,36,223.30325,62.31396,2.9224
ROT20100315,ROT,15/3/10 2:00,944.3273,0.73784,0.978,33,244.97649,70.0632,24.2334
ROT20100416,ROT,16/4/10 0:30,1646.3521,0.87292,0.945,38,200.3693,55.08304,5.6544
ROT20100520,ROT,20/5/10 2:05,1783.8752,0.72651,0.968,37,238.05339,65.92601,1.9192
ROT20100617,ROT,17/6/10 2:05,2536.7192,0.75838,0.938,35,163.38627,45.95507,5.0242
ROT20100723,ROT,23/7/10 4:02,2330.0398,0.70697,0.955,39,221.53847,60.47079,1.4495
ROT20100820,ROT,20/8/10 6:30,4180.7142,0.73505,0.956,41,167.1478,45.00998,6.748
ROT20100924,ROT,24/9/10 4:22,2577.5828,0.62853,0.972,40,199.72911,54.14357,2.119
ROT20101124,ROT,24/11/10 3:07,3937.1011,0.61546,0.992,30,116.52803,34.26088,3.5015
ROT20101215,ROT,15/12/10 2:20,1299.2696,0.73592,0.948,33,251.0995,71.81437,1.8155
ROT20110125,ROT,25/1/11 1:10,1010.6015,0.86567,0.966,52,231.59308,58.6127,1.4344
ROT20110224,ROT,24/2/11 1:35,882.3959,0.71578,0.96,39,239.09622,65.26333,2.362
ROT20110324,ROT,24/3/11 1:35,1037.7695,0.705,0.987,34,213.18588,60.45493,1.4722
ROT20110527,ROT,27/5/11 1:35,2113.9327,0.71957,0.855,34,183.2503,51.96584,4.4787
ROT20110622,ROT,22/6/11 2:00,1744.5829,0.81548,0.863,38,275.49228,75.73492,1.8838
ROT20110725,ROT,25/7/11 2:20,2554.0076,0.85397,0.936,37,172.35226,47.73087,4.7284
ROT20110826,ROT,26/8/11 1:43,3135.5357,0.73872,0.947,37,134.39005,37.2177,2.6459
ROT20110923,ROT,23/9/11 1:40,3752.4257,0.70769,0.968,42,235.4053,62.98184,2.4026
ROT20111020,ROT,20/10/11 4:00,2923.3566,0.62472,0.949,30,138.43604,40.70215,1.6791
ROT20111122,ROT,22/11/11 7:08,1901.7539,0.80302,0.969,28,103.40089,31.03077,3.0011
ROT20111221,ROT,21/12/11 7:45,4290.7328,0.87603,0.966,28,99.05177,29.7256,4.7131
ROT20120130,ROT,30/1/12 3:09,2970.5075,0.78894,0.967,32,146.7883,42.35415,4.4329
ROT20120221,ROT,21/2/12 1:40,2333.9699,0.79725,0.979,25,145.27439,45.13203,3.888
ROT20120329,ROT,29/3/12 2:03,3913.5257,0.74575,0.953,43,190.26856,50.5872,6.1167
ROT20120504,ROT,4/5/12 5:00,2491.14,0.74407,0.941,37,143.20414,39.65865,4.3106
ROT20120523,ROT,23/5/12 4:22,2836.9133,0.75889,0.962,31,108.19889,31.50824,4.8814
ROT20120727,ROT,27/7/12 1:55,3237.6964,0.72705,0.875,44,228.32506,60.33658,4.4838
ROT20120824,ROT,24/8/12 3:06,2412.5554,0.74347,0.958,41,194.69813,52.4288,2.7346
ROT20120928,ROT,28/9/12 3:41,2660.0964,0.7643,0.937,41,292.87574,78.86631,4.7871
ROT20121019,ROT,19/10/12 1:54,700.9759,0.7506,0.901,44,336.84199,89.01298,4.4532
ROT20121126,ROT,26/11/12 3:02,5783.8449,0.73932,0.998,26,76.52234,23.48682,3.5625
ROT20121219,ROT,19/12/12 3:48,1917.4705,0.83904,0.927,26,107.89802,33.11689,3.8651
ROT20130125,ROT,25/1/13 2:10,1705.2909,0.60822,0.98,32,176.30637,50.87127,8.2478
ROT20130221,ROT,21/2/13 4:55,2526.5021,0.8563,0.927,36,162.20834,45.2651,5.1543
ROT20130321,ROT,21/3/13 3:34,3559.8943,0.72565,0.973,38,166.03871,45.6453,3.8779
ROT20130423,ROT,23/4/13 2:38,1096.2582,0.71876,0.925,39,338.36446,92.35943,2.1215
ROT20130517,ROT,17/5/13 2:00,1795.6631,0.788,0.91,32,124.75063,35.99542,4.6265
ROT20130712,ROT,12/7/13 4:35,1779.946,0.63784,0.958,39,267.22133,72.94031,3.9949
ROT20131001,ROT,1/10/13 3:55,3324.1394,0.70524,0.928,40,191.4755,51.90614,31.6403
ROT20131017,ROT,17/10/13 0:00,2090.3562,0.7957,0.945,38,246.96846,67.8935,2.9757
ROT20131122,ROT,22/11/13 2:26,4141.4215,0.56424,0.992,27,107.53137,32.62642,3.1991
ROT20131218,ROT,18/12/13 2:43,5406.6381,0.72898,0.973,39,156.62295,42.75155,7.8098
ROT20140122,ROT,22/1/14 2:10,3575.611,0.63697,0.981,32,145.49608,41.98129,5.1058
ROT20140227,ROT,27/2/14 4:39,2860.4888,0.81048,0.983,34,183.07306,51.91558,7.1802
ROT20140319,ROT,19/3/14 4:30,4275.0161,0.60045,0.984,34,136.49339,38.70659,3.6642
ROT20140519,ROT,19/5/14 4:22,3913.5256,0.70842,0.989,36,167.1651,46.64831,2.1797
ROT20140624,ROT,24/6/14 5:16,3730.1613,0.61912,0.944,52,262.22682,66.36564,5.3073
ROT20140730,ROT,30/7/14 2:03,2423.0334,0.62009,0.946,47,295.35499,76.71264,3.3033
ROT20140902,ROT,2/9/14 3:55,5113.2543,0.57399,0.954,38,207.18821,56.95761,3.6133
ROT20140919,ROT,19/9/14 4:57,1990.8164,0.56742,0.948,39,282.51454,77.11472,2.1595
ROT20141014,ROT,14/10/14 3:52,2809.408,0.81968,0.989,31,136.33804,39.70255,2.1089
ROT20141119,ROT,19/11/14 2:16,3461.6621,0.55817,0.984,38,203.50597,55.94533,3.1407
ROT20141216,ROT,16/12/14 1:37,3269.1299,0.78232,0.983,36,160.82317,44.87856,3.3693
ROT20150128,ROT,28/1/15 2:15,1827.0972,0.82739,0.997,20,114.2465,38.13642,2.0178
ROT20150224,ROT,24/2/15 2:17,2027.4881,0.70224,0.981,40,228.33332,61.89775,4.0993
ROT20150319,ROT,19/3/15 3:47,2605.087,0.68267,0.971,32,145.88505,42.09353,2.3468
ROT20150507,ROT,7/5/15 1:36,2813.338,0.77563,0.97,30,122.18975,35.92551,3.5422
ROT20150701,ROT,1/7/15 1:46,6003.8822,0.57741,0.986,33,144.03237,41.19321,5.3226
ROT20150724,ROT,24/7/15 1:20,2829.0547,0.64419,0.963,31,133.71769,38.93948,1.6261
ROT20150827,ROT,27/8/15 3:15,741.8414,0.57339,0.968,31,157.06107,45.73723,1.2605
ROT20150924,ROT,24/9/15 2:08,1493.1126,0.73139,0.982,23,105.57166,33.66986,1.669
ROT20151022,ROT,22/10/15 1:36,1870.3196,0.77076,0.97,28,149.12312,44.75209,1.9015
ROT20151215,ROT,15/12/15 0:22,1072.6828,0.7454,1,25,127.85966,39.72184,2.3494
ROT20160223,ROT,23/2/16 0:57,2876.2057,0.54161,1,29,143.8929,42.73248,2.5648
ROT20160324,ROT,24/3/16 1:47,766.0902,0.614,0.991,25,156.28645,48.55311,1.7019
ROT20160413,ROT,13/4/16 1:30,4015.686,0.73694,0.98,34,138.15907,39.17894,9.3063
ROT20160502,ROT,2/5/16 1:44,3787.7897,0.82725,0.987,33,114.87789,32.85504,4.0865
ROT20160527,ROT,27/5/16 1:30,3331.9982,0.62265,0.923,35,175.10114,49.25007,8.0838
ROT20160621,ROT,21/6/16 1:26,9650.2193,0.65972,0.954,39,182.73055,49.87784,8.5526
ROT20160722,ROT,22/7/16 5:20,3559.8937,0.79163,0.974,26,91.88804,28.20298,6.7377
ROT20161004,ROT,4/10/16 2:38,2797.6197,0.78429,0.922,60,324.91065,79.35596,6.2597
ROT20161024,ROT,24/10/16 1:35,2019.6307,0.82677,0.992,21,47.63436,15.64592,2.4761
ROT20161114,ROT,14/11/16 1:45,3316.2808,0.72677,0.96,38,182.10183,50.06117,4.1909
ROT20161214,ROT,14/12/16 1:35,2362.2599,0.67343,0.99,32,138.31424,39.90905,3.0935
ROT20170120,ROT,20/1/17 2:20,4130.4198,0.77553,0.995,24,99.54249,31.32184,3.473
ROT20170303,ROT,3/3/17 2:30,3960.6764,0.85282,0.969,28,103.70428,31.12182,4.5312
ROT20170331,ROT,31/3/17 2:24,2609.0173,0.62913,0.97,32,215.54212,62.19231,2.9198
ROT20170407,ROT,7/4/17 1:28,7764.1832,0.82908,0.985,35,149.29158,41.99071,15.0562
ROT20170428,ROT,28/4/17 1:52,1481.3238,0.61295,0.955,37,213.89219,59.23485,1.3663
ROT20170523,ROT,23/5/17 1:53,5438.0717,0.55756,0.976,42,177.679,47.53738,3.3642
ROT20170626,ROT,26/6/17 1:46,4730.8079,0.68925,0.951,44,208.23226,55.02691,4.3641
ROT20170802,ROT,2/8/17 1:33,4039.2613,0.71813,0.969,39,171.53353,46.82152,7.0983
ROT20170914,ROT,14/9/17 1:45,3159.1108,0.66303,0.983,33,132.19254,37.80702,1.51
ROT20171103,ROT,3/11/17 1:25,2616.8757,0.73896,0.97,29,155.55853,46.19687,4.5653
ROT20171123,ROT,23/11/17 2:05,2075.6641,0.83881,0.93,32,154.68651,44.63309,4.3182
YON20090909,YON,9/9/09 0:40,3307.3637,0.79763,0.946,26,134.72983,41.35231,5.5557
YON20091123,YON,23/11/09 1:45,4189.1766,0.90003,0.913,32,173.62961,50.09892,7.8967
YON20091215,YON,15/12/09 1:25,1345.2159,0.61409,0.915,32,305.71951,88.212,6.525
YON20100119,YON,19/1/10 0:45,2897.0601,0.62086,0.956,33,268.79885,76.87638,14.2081
YON20100224,YON,24/2/10 0:58,2230.6001,0.7355,0.969,25,176.69525,54.89346,11.5507
YON20100413,YON,13/4/10 4:14,7501.0738,0.91768,0.968,38,134.62263,37.00878,8.7569
YON20100521,YON,21/5/10 2:56,2965.0662,0.84959,0.942,27,156.75996,47.56302,10.2218
YON20100729,YON,29/7/10 1:22,756.8672,0.65245,0.936,30,211.56298,62.2025,2.6353
YON20100817,YON,17/8/10 0:15,1281.2354,0.65329,0.92,31,140.29473,40.85476,2.3678
YON20100909,YON,9/9/10 1:00,1390.951,0.60291,0.943,28,194.63825,58.41126,3.0174
YON20101101,YON,1/11/10 1:45,1000.089,0.70849,0.914,43,360.29701,95.7931,2.7363
YON20101208,YON,8/12/10 0:45,2665.84,0.63313,0.942,34,140.31325,39.78982,2.9075
YON20110118,YON,18/1/11 1:30,8731.9846,0.62599,0.975,32,125.08763,36.09266,9.2494
YON20110217,YON,17/2/11 1:30,3122.8411,0.61682,0.936,27,137.61427,41.75397,8.1696
YON20110323,YON,23/3/11 0:49,8772.7882,0.69926,0.975,28,92.85943,27.86727,6.232
YON20110414,YON,14/4/11 1:27,4767.2283,0.82788,0.984,28,99.21221,29.77375,8.3178
YON20110527,YON,27/5/11 0:50,4127.9709,0.75849,0.934,30,174.60116,51.3352,4.6464
YON20110616,YON,16/6/11 1:25,2502.6247,0.58688,0.968,25,134.01432,41.63389,5.4586
YON20110720,YON,20/7/11 1:37,2459.8784,0.59919,0.957,22,153.92884,49.79836,2.6796
YON20110811,YON,11/8/11 1:00,220.6422,0.60842,0.958,29,176.35074,52.37162,1.4128
YON20110908,YON,8/9/11 1:00,3413.9067,0.55295,0.944,24,110.35383,34.72371,8.2498
YON20111027,YON,27/10/11 3:44,2176.1962,0.80381,0.884,41,180.86387,48.70348,4.0666
YON20111213,YON,13/12/11 2:55,1215.0428,0.58721,0.949,30,201.1724,59.14752,3.9059
YON20120112,YON,12/1/12 1:30,4249.411,0.61361,0.969,27,135.90007,41.23386,5.5734
YON20120208,YON,8/2/12 0:49,1022.8116,0.70035,0.92,24,110.40561,34.74001,12.6896
YON20120402,YON,2/4/12 0:44,3522.7162,0.63913,0.934,32,149.91497,43.25632,9.063
YON20120424,YON,24/4/12 0:50,9031.2115,0.67922,0.974,33,98.78895,28.25361,7.7637
YON20120604,YON,4/6/12 0:30,380.8335,0.67117,0.937,31,209.44617,60.99212,4.3686
YON20120615,YON,15/6/12 0:41,1873.0829,0.53803,0.96,27,205.60979,62.3847,8.3488
YON20120726,YON,26/7/12 1:00,2316.0943,0.63304,0.981,30,154.10715,45.30968,6.1347
YON20120816,YON,15/8/12 14:00,258.7966,0.52023,0.95,30,144.32662,42.43406,1.3138
YON20120918,YON,18/9/12 1:00,293.7869,0.57311,0.931,32,191.50929,55.2579,0.9697
YON20121026,YON,26/10/12 1:20,1228.6439,0.66746,0.897,25,130.89579,40.66506,6.2232
YON20121129,YON,29/11/12 0:40,1969.91,0.624,0.978,23,115.53444,36.84728,4.9508
YON20121219,YON,19/12/12 0:20,7317.4577,0.66258,0.975,27,145.03217,44.00466,14.1279
YON20130131,YON,31/1/13 0:15,7861.5067,0.63186,0.984,25,120.7612,37.51658,26.2876
YON20130220,YON,20/2/13 0:42,3318.6981,0.66087,0.914,34,308.8295,87.5774,3.8355
YON20130416,YON,16/4/13 1:35,5991.3385,0.67303,0.962,29,142.31343,42.26342,10.4306
YON20130515,YON,15/5/13 0:30,4365.9921,0.68472,0.971,32,147.00804,42.41755,8.5794
YON20130611,YON,11/6/13 3:34,9983.2975,0.81136,0.989,24,91.4668,28.78076,12.2313
YON20130719,YON,19/7/13 1:08,6161.3537,0.60708,0.969,27,134.43463,40.78923,3.633
YON20130808,YON,8/8/13 0:58,971.5155,0.72118,0.962,33,199.64768,57.09917,3.136
YON20130912,YON,12/9/13 1:26,6644.1971,0.54824,0.938,28,192.37409,57.73178,16.3614
YON20131015,YON,15/10/13 1:40,5970.9365,0.51581,0.883,29,154.38224,45.84754,16.4373
YON20131114,YON,14/11/13 0:32,3658.7284,0.56516,0.947,30,225.64916,66.34404,4.7126
YON20131205,YON,5/12/13 1:26,9344.0399,0.69381,0.958,29,134.97187,40.08316,63.1179
YON20140122,YON,22/1/14 0:00,4481.6025,0.60864,0.971,32,179.46797,51.78351,2.9954
YON20140220,YON,20/2/14 0:48,5440.4888,0.60483,0.951,25,121.65809,37.79521,4.0117
YON20140317,YON,17/3/14 4:07,11316.217,0.62594,0.97,31,120.49137,35.08789,8.3355
YON20140501,YON,1/5/14 1:25,10445.7388,0.61754,0.945,33,178.26585,50.98397,5.9269
YON20140527,YON,27/5/14 2:12,2992.2687,0.57478,0.946,33,234.31464,67.01391,5.4806
YON20140624,YON,24/6/14 0:53,2178.5278,0.61666,0.969,34,169.47929,48.06068,0.4019
YON20140717,YON,17/7/14 0:28,4066.7652,0.56815,0.958,30,225.97097,66.43865,0.759
YON20140820,YON,20/8/14 1:15,1496.1349,0.6017,0.926,39,212.1611,57.91116,2.3766
YON20140910,YON,10/9/14 0:35,3599.7902,0.60265,0.948,33,191.73542,54.83627,2.0786
YON20141014,YON,14/10/14 2:02,6154.5531,0.56477,0.983,25,170.02967,52.82269,3.4042
YON20141120,YON,20/11/14 22:48,2441.4194,0.63581,0.935,27,175.62703,53.28754,2.2363
YON20141209,YON,9/12/14 0:04,2930.3079,0.5354,0.975,28,263.43487,79.05723,2.21
YON20150119,YON,19/1/15 1:25,3242.5319,0.56341,0.962,27,129.32725,39.23958,6.0463
YON20150224,YON,24/2/15 0:40,6066.145,1.06194,0.966,29,127.46483,37.85377,10.675
YON20150324,YON,24/3/15 5:15,3253.4132,0.7027,0.892,33,145.70863,41.67262,9.7732
YON20150430,YON,30/4/15 2:10,791.1384,0.64332,0.911,35,284.98863,80.15773,2.1049
YON20150601,YON,1/6/15 2:55,1834.2225,0.65116,0.958,23,133.32983,42.52275,3.3602
YON20150618,YON,18/6/15 0:55,1164.2649,0.56584,0.948,23,126.76493,40.42901,5.5513
YON20150804,YON,4/8/15 1:45,938.8734,0.62609,0.939,26,129.76787,39.82935,1.2252
YON20150825,YON,25/8/15 0:45,1218.6689,0.5875,0.939,38,158.16291,43.48018,2.1706
YON20150923,YON,23/9/15 3:11,973.8478,0.58335,0.98,21,106.65814,35.0328,1.6718
YON20151027,YON,27/10/15 0:10,1033.6932,0.55368,0.947,24,116.88138,36.77766,2.3722
YON20151111,YON,11/11/15 0:45,3522.7165,0.75929,0.934,23,83.77727,26.719,3.6858
YON20151203,YON,3/12/15 1:00,8.0759,0.67456,0.841,11,37.35048,15.57636,2.8812
YON20160122,YON,22/1/16 0:39,2686.2413,0.6168,0.946,25,115.52243,35.88906,8.1937
YON20160215,YON,15/2/16 0:18,3305.097,0.55774,0.956,20,87.65488,29.25992,10.4483
YON20160321,YON,21/3/16 0:31,4746.8265,0.60186,0.952,24,103.06385,32.42986,5.3686
YON20160503,YON,3/5/16 0:01,5916.5315,0.60284,0.95,24,92.974,29.25501,4.792
YON20160601,YON,1/6/16 0:46,3407.1058,0.8686,0.906,30,110.05103,32.35656,8.5262
YON20160624,YON,24/6/16 0:00,3862.747,0.66033,0.957,22,86.85547,28.09909,3.9148
YON20160725,YON,25/7/16 0:25,775.27,1.16308,0.972,27,141.3043,42.87357,3.8971
YON20160823,YON,23/8/16 0:19,2869.8578,0.91891,0.974,19,91.78206,31.17132,4.2848
YON20160927,YON,27/9/16 0:33,2140.8322,0.45851,0.965,23,133.08815,42.44567,3.7518
YON20161012,YON,12/10/16 0:26,1405.4592,0.90882,0.937,25,118.87992,36.93213,4.6287
YON20161108,YON,8/11/16 0:50,4053.1643,0.89831,0.967,30,78.36178,23.03947,7.3296
YON20161207,YON,7/12/16 0:15,3352.701,0.50793,0.959,27,138.29884,41.96168,5.9623
YON20170120,YON,20/1/17 0:00,5032.4518,0.6897,0.957,28,140.16748,42.06449,7.0595
YON20170220,YON,20/2/17 0:29,3672.3301,0.51878,0.948,22,109.10005,35.29555,2.302
YON20170322,YON,22/3/17 2:00,10269.467,0.63833,0.944,27,162.29535,49.24253,6.9346
YON20170426,YON,26/4/17 0:20,3184.2584,0.66863,0.95,26,151.88721,46.61839,9.6643
YON20170528,YON,28/5/17 22:11,2892.7078,0.66729,0.957,32,151.38196,43.6796,5.7892
YON20170705,YON,5/7/17 0:21,4696.2303,0.70836,0.953,23,84.54926,26.96521,7.2938
YON20170724,YON,24/7/17 0:45,2051.0643,0.60536,0.968,21,106.25383,34.9,1.5893
YON20170816,YON,16/8/17 0:24,2500.8837,0.43035,0.935,26,100.37048,30.80648,1.9349
YON20170906,YON,6/9/17 0:00,5629.8183,0.46241,0.945,22,92.83138,30.03239,5.3298
YON20171025,YON,25/10/17 23:56,7616.6846,0.63143,0.98,20,96.03494,32.05725,5.7104
YON20171130,YON,30/11/17 0:34,2305.407,0.79513,0.931,27,94.65662,28.72006,3.1712
YON20171215,YON,15/12/17 0:44,5203.439,0.79573,0.951,22,104.3396,33.75547,11.2468