Latitude,Longitude,Year,Month,Day,sea_surface_temperature,GSLA,chl_oc3
-42.59667,148.23333,2009,4,21,15.893017708273135,0.05101348430053052,NA
-42.59667,148.23333,2009,5,6,14.670137365063795,0.014790803324824353,0.2493295520544052
-42.59667,148.23333,2009,6,1,12.987379236053698,0.07986735489632785,NA
-42.59667,148.23333,2009,7,16,13.043632383365207,0.04691412077767044,0.26348202790205294
-42.59667,148.23333,2009,8,20,12.392232156834666,0.02385031138724537,3.0310612847196294
-42.59667,148.23333,2009,9,7,NA,0.009418787165402847,NA
-42.59667,148.23333,2009,10,13,NA,0.037236964582729314,1.4929734745410959
-42.59667,148.23333,2009,11,11,NA,0.021515877496833657,NA
-42.59667,148.23333,2009,12,7,NA,3.0518975172813697e-4,NA
-42.59667,148.23333,2010,1,20,16.99713286099484,0.016014430656471186,NA
-42.59667,148.23333,2010,3,30,NA,0.02424827949277463,0.43022639632225035
-42.59667,148.23333,2010,5,5,16.435545317402955,0.0443428662297099,0.4942283283757127
-42.59667,148.23333,2010,5,27,14.946467575504357,0.0704245430385816,0.3969866853952408
-42.59667,148.23333,2010,6,15,13.510791106132274,0.03295557077128834,0.4686288614856436
-42.59667,148.23333,2010,7,22,12.774073217392356,0.05132658211374998,0.4229830855131149
-42.59667,148.23333,2010,10,1,11.753854834536753,0.017042073181728012,1.6406677961349487
-42.59667,148.23333,2010,10,27,NA,0.07681244563807547,1.3403198200464248
-42.59667,148.23333,2010,12,14,14.768287965260924,0.02469406042862322,NA
-42.59667,148.23333,2011,1,18,NA,0.08169929653762227,17.774519404849492
-42.59667,148.23333,2011,2,23,NA,0.04061716548734764,NA
-42.59667,148.23333,2011,3,28,16.840241262801896,0.029529833388194825,0.8427092510461808
-42.59667,148.23333,2011,4,7,16.281294991526522,0.02144406814348586,0.6135311489924788
-42.59667,148.23333,2011,5,31,13.47596569957517,0.049384397056562224,0.6123728846961801
-42.59667,148.23333,2011,7,25,12.37749847279241,0.03453538747150003,NA
-42.59667,148.23333,2011,8,12,NA,0.03765899587603476,0.4744420101245244
-42.59667,148.23333,2011,10,5,NA,0.018142894928254976,NA
-42.59667,148.23333,2011,10,26,13.620857717309718,0.02863061358399585,0.8903245819064806
-42.59667,148.23333,2011,12,14,NA,0.04766046622821073,0.3119986034605814
-42.59667,148.23333,2012,1,19,NA,0.09728298569635671,0.39680383741855624
-42.59667,148.23333,2012,2,22,NA,0.08581855505502652,NA
-42.59667,148.23333,2012,3,26,17.07281008603752,0.03971917456345149,NA
-42.59667,148.23333,2012,4,12,16.335125855941897,0.11996567418423984,0.5499798768758773
-42.59667,148.23333,2012,5,24,14.00189419065913,0.041688256630081494,NA
-42.59667,148.23333,2012,6,21,NA,0.08241729558510899,NA
-42.59667,148.23333,2012,7,24,12.818953125980215,0.061052346088633434,NA
-42.59667,148.23333,2012,8,20,NA,0.03493877675587654,0.34717067855375783
-42.59667,148.23333,2012,10,2,NA,0.02977043544391293,NA
-42.59667,148.23333,2012,10,17,12.168568452103273,0.02218620498723653,2.28780592083931
-42.59667,148.23333,2012,11,12,13.07368702296776,0.05878115244469038,NA
-42.59667,148.23333,2013,1,29,15.111000350117706,0.02757479168555402,NA
-42.59667,148.23333,2013,2,14,NA,0.07880517636368714,NA
-42.59667,148.23333,2013,3,13,17.98362392176722,0.024685155687856616,0.43753278195858003
-42.59667,148.23333,2013,4,24,16.83659537746098,0.08797215700607884,NA
-42.59667,148.23333,2013,5,28,15.129647216005935,0.021368636827140255,0.5452898277839024
-42.59667,148.23333,2013,6,11,13.93266727374322,0.043550577571605145,0.7888942971438556
-42.59667,148.23333,2013,8,7,13.31655510400276,0.04061445838870953,0.2865084766809429
-42.59667,148.23333,2013,8,21,13.285661727539264,0.020974411808283737,0.39770938963005226
-42.59667,148.23333,2013,9,24,13.599696763232373,0.008731817896666142,NA
-42.59667,148.23333,2013,11,17,13.826275719925775,0.014338468514227293,0.45438046008348465
-42.59667,148.23333,2013,12,17,NA,NA,0.43287171134535146
-42.59667,148.23333,2014,1,22,16.11566042662679,0.0211705311988255,0.572309502363205
-42.59667,148.23333,2014,2,5,16.631442344570246,0.04508609197918059,0.3679650847357933
-42.59667,148.23333,2014,3,18,17.08590645333163,0.02428339365455017,0.1331823619274313
-42.59667,148.23333,2014,4,8,NA,0.015717272213999052,NA
-42.59667,148.23333,2014,5,16,NA,0.03735522561152396,NA
-42.59667,148.23333,2014,6,19,NA,0.09483369969489056,NA
-42.59667,148.23333,2014,7,3,14.088661071783804,0.05801817806537004,0.38158127505864414
-42.59667,148.23333,2014,8,7,13.464867978741097,0.03254340052594367,NA
-42.59667,148.23333,2014,8,21,12.810260123729222,0.009882762254490553,0.6384029806477531
-42.59667,148.23333,2014,9,15,NA,0.02576160551352215,15.226329149344028
-42.59667,148.23333,2014,10,29,13.014086063702905,0.008459859917903956,NA
-42.59667,148.23333,2014,11,27,14.150486928826695,NA,0.28366236969828607
-42.59667,148.23333,2014,12,8,15.086844586441316,0.03277737933560191,0.3436376055081685
-42.59667,148.23333,2015,2,24,NA,0.05734297442291888,0.20874632277659008
-42.59667,148.23333,2015,3,12,17.278082645640666,0.010645736633810896,1.5826058558055334
-42.59667,148.23333,2015,4,21,15.751403046545704,0.012378137283326497,0.2456180942910058
-42.59667,148.23333,2015,5,26,13.501398440439516,0.008523513780407254,0.17217581023313952
-42.59667,148.23333,2015,7,23,12.699027805940034,NA,NA
-42.59667,148.23333,2015,8,11,11.141169487754837,NA,NA
-42.59667,148.23333,2015,10,1,12.577176436807918,NA,NA
-42.59667,148.23333,2015,11,18,NA,NA,0.5408087008529239
-42.59667,148.23333,2015,12,16,17.347606694525098,NA,0.6046329221129417
-42.59667,148.23333,2016,2,9,20.30546013813415,NA,NA
-42.59667,148.23333,2016,3,3,19.466538402534297,0.001017299172427123,0.5261860290169715
-42.59667,148.23333,2016,3,21,19.399421599879872,NA,0.2301268695757307
-42.59667,148.23333,2016,4,28,NA,NA,NA
-42.59667,148.23333,2016,5,30,14.39908147400115,9.664342138057671e-4,0.5210739374160767
-42.59667,148.23333,2016,6,30,13.533050859298214,0.027547390748092364,NA
-42.59667,148.23333,2016,7,20,13.039681480638706,0.008074812181140291,0.6662142048863804
-42.59667,148.23333,2016,8,31,12.506995447330894,0.02046515278016964,NA
-42.59667,148.23333,2016,9,27,13.178088278384053,0.017271832511864253,1.036438721783307
-42.59667,148.23333,2016,11,17,13.025561119564088,0.027214709206987906,NA
-42.59667,148.23333,2017,1,4,15.324378080065571,0.039568206183357296,NA
-42.59667,148.23333,2017,2,23,17.94711948574451,0.06258569837224866,0.5016798274491423
-42.59667,148.23333,2017,3,23,17.023047514366283,0.09454457256167444,0.24308020499215197
-42.59667,148.23333,2017,4,12,16.354439709318285,0.05325811323190194,0.30591150758595304
-42.59667,148.23333,2017,6,1,NA,0.056703606531190553,0.3885109820648244
-42.59667,148.23333,2017,6,26,13.405594707774242,0.016860110433236333,0.6189497903637264
-42.59667,148.23333,2017,8,1,12.160828840537476,0.01014062311423946,0.19371170453403308
-42.59667,148.23333,2017,9,21,12.282865210570606,0.03581910386115901,0.5321072310209274
-42.59667,148.23333,2017,10,15,NA,0.006561579662154945,23.842533877160815
-42.59667,148.23333,2017,11,23,15.381165301561566,0.025171926155291135,0
-42.59667,148.23333,2017,12,17,16.995591083665715,0.030900462362473867,NA
-42.59667,148.23333,2018,1,16,16.809476139543506,0.05384251504526786,0
-42.59667,148.23333,2018,3,1,17.55202842289799,0.0736147215660369,0
-42.59667,148.23333,2018,3,15,18.82916214833307,0.026472898918842185,NA
-42.59667,148.23333,2018,4,18,15.98844590940115,0.054309380064602335,0.45551823097325506
-42.59667,148.23333,2018,6,5,13.915690849366229,0.09111164866755905,0.3716290827308382
-42.59667,148.23333,2018,6,27,13.021241634924536,0.050927846206560747,NA
-42.59667,148.23333,2018,7,11,12.887125077734652,0.06364054072842011,0.28429195284843445
-42.59667,148.23333,2018,9,19,11.791476840417602,0.048252679675016515,NA
-42.59667,148.23333,2018,10,18,13.64184635860272,0.011654949167347502,0.7785585565226418
-42.59667,148.23333,2018,12,4,15.029582217216728,0.013199456762241924,NA
-42.59667,148.23333,2019,1,6,NA,0.027403086255976428,NA
-42.59667,148.23333,2019,3,20,NA,0.024786715488180865,0.22070831691814682
-42.59667,148.23333,2019,4,30,14.008609395423434,0.03778554316146064,0.48837209343910215
-42.59667,148.23333,2019,6,24,13.60343247993626,0.03784963300932355,0.30288923269479856
-42.59667,148.23333,2019,7,31,12.498486527007856,0.03496364773889075,5.075710006434508
-42.59667,148.23333,2019,8,28,11.687365930545184,0.022636660550593882,NA
-42.59667,148.23333,2019,9,25,11.892222820481095,0.0025941128896891643,0.31781347990036013
-42.59667,148.23333,2019,10,15,12.580383329908386,0.028781741201438147,NA
-42.59667,148.23333,2019,11,21,13.169100251669704,0.019001876916973127,NA
-42.59667,148.23333,2019,12,10,13.254072652757202,0.025688558067875254,0.7032647281885147
-42.59667,148.23333,2020,1,6,NA,NA,NA
-42.59667,148.23333,2020,2,23,17.439012973867364,NA,0.4109917622804642
-42.59667,148.23333,2020,5,26,NA,NA,NA
-42.59667,148.23333,2020,6,28,13.691697564175342,NA,0.7734034734964371
-42.59667,148.23333,2020,8,10,12.741334981441014,NA,0.5082754316926003
-42.59667,148.23333,2020,9,9,NA,NA,0.7086690533161163
-42.59667,148.23333,2020,9,28,11.853913653315999,NA,5.05077205319981
-42.59667,148.23333,2020,10,20,NA,NA,4.048486607916215
-42.59667,148.23333,2020,11,18,15.438262501837983,NA,NA
-42.59667,148.23333,2021,1,6,16.304851121408888,NA,NA
-42.59667,148.23333,2021,2,15,14.33560436031621,NA,NA
-42.59667,148.23333,2021,3,29,17.724431781801286,NA,NA
-42.59667,148.23333,2021,4,28,NA,NA,NA
-42.59667,148.23333,2021,5,31,NA,NA,5.4303330312434
-42.59667,148.23333,2021,6,25,13.39541246281118,NA,0.3343118367982762
-42.59667,148.23333,2021,8,9,12.91805496141319,NA,NA
-42.59667,148.23333,2021,8,31,12.444380577381423,NA,NA
-42.59667,148.23333,2021,9,16,NA,NA,0.598580175936222
-42.59667,148.23333,2021,10,31,13.205906303599477,NA,0.7139757079414174
-42.59667,148.23333,2021,11,16,NA,NA,0.3452693256347076
-42.59667,148.23333,2021,12,14,NA,NA,NA
-42.59667,148.23333,2022,1,19,17.11790274992802,NA,0.44178651590296564
-42.59667,148.23333,2022,3,10,17.27049199145506,NA,NA
-42.59667,148.23333,2022,3,27,17.91516901972011,NA,0.2557866087509799
-42.59667,148.23333,2022,5,10,16.228930160754146,NA,0.5063709336519241
-42.59667,148.23333,2022,6,16,NA,NA,NA
-42.59667,148.23333,2022,7,4,12.738505786318683,NA,0.3496493408051522
-35.83217,136.44733,2008,2,11,18.28340063529714,0.12036397692765477,0.7730200460553169
-35.83217,136.44733,2008,3,15,20.372103876778,0.05785014801702959,NA
-35.83217,136.44733,2008,4,14,17.709181945622788,0.07890824088627103,0.19234385683524366
-35.83217,136.44733,2008,8,11,14.832377454557502,NA,0.2015894181800611
-35.83217,136.44733,2008,10,19,15.772224331528264,0.024238742313033128,0.1403079775552596
-35.83217,136.44733,2008,11,10,16.358602590751445,0.04156779790334641,0.170679765029086
-35.83217,136.44733,2008,12,11,NA,0.062449452947370025,NA
-35.83217,136.44733,2009,1,14,17.597041891210495,0.09506899195825004,0.12266067208515273
-35.83217,136.44733,2009,2,5,20.038879448306034,0.06557764790258343,0.13184950766818865
-35.83217,136.44733,2009,3,7,18.228893938030808,0.08986407611432408,0.25202982872724533
-35.83217,136.44733,2009,6,1,18.391425507016436,0.04430019989928738,0.30043295706325973
-35.83217,136.44733,2009,10,7,15.202470818254142,0.004244044984969404,0.2787734042572719
-35.83217,136.44733,2009,11,15,NA,0.00824489188653045,0.12210145097214548
-35.83217,136.44733,2009,12,15,16.50707626118657,0.004871114552973311,0.2562978877740748
-35.83217,136.44733,2010,1,12,19.6692782339386,0.020161597973540047,0.15992466206936276
-35.83217,136.44733,2010,2,15,20.175213289982878,0.010178555079120443,0.2020391345024109
-35.83217,136.44733,2010,3,15,18.635213954516303,0.01710254757145255,0.22602469146251677
-35.83217,136.44733,2010,4,19,NA,0.02424827949277463,0.26283510675032934
-35.83217,136.44733,2010,7,21,13.86156952902678,0.031222342178749637,0.3166689172387123
-35.83217,136.44733,2010,11,20,15.788025143496782,0.09343574992751744,0.24796940863132477
-35.83217,136.44733,2010,12,13,15.659095677801645,0.10779397402835213,NA
-35.83217,136.44733,2011,1,23,NA,0.11406466970839119,0.09796850116923451
-35.83217,136.44733,2011,2,23,18.443419559472773,0.14506765675308622,0.45893906623125075
-35.83217,136.44733,2011,3,19,17.977356096737367,0.09160699571208399,0.5148634645342827
-35.83217,136.44733,2011,4,27,18.504330308961983,0.09668315962949964,0.24914242818951607
-35.83217,136.44733,2011,7,18,16.06628148534469,0.0021196381975493264,0.23329203286949468
-35.83217,136.44733,2011,10,26,15.731432044214216,0.029729773549204218,NA
-35.83217,136.44733,2011,11,15,16.956431173487147,0.048522786229838404,NA
-35.83217,136.44733,2011,12,19,NA,0.08650937314024995,0.14873918484557758
-35.83217,136.44733,2012,1,16,19.043971841394466,0.08249422046907665,0.10452801078557968
-35.83217,136.44733,2012,2,15,NA,0.08669773244014466,NA
-35.83217,136.44733,2012,4,15,18.687928203942704,0.0616054125402469,NA
-35.83217,136.44733,2013,2,20,19.689053535445908,0.06766867456090825,0.1882334393262863
-35.83217,136.44733,2013,4,23,NA,0.0828685547739307,NA
-35.83217,136.44733,2013,5,6,19.22045027473081,0.0942464102055453,0.25671643988195675
-35.83217,136.44733,2013,8,27,16.12600236450197,0.0036360497764485068,0.2570492927874771
-35.83217,136.44733,2014,1,22,18.339899449168115,0.056111997009140435,0.16440893924057795
-35.83217,136.44733,2014,3,13,18.405629713556834,0.06426151709825584,0.4939104688167572
-35.83217,136.44733,2014,5,7,18.332444057471548,0.02996343445287107,0.40611530384238886
-35.83217,136.44733,2014,7,13,NA,NA,NA
-35.83217,136.44733,2014,10,29,NA,0.004453227127299732,NA
-35.83217,136.44733,2014,12,1,NA,NA,0.12042499035596847
-35.83217,136.44733,2015,2,24,18.649468846799664,0.03756695100178536,0.27400314812490967
-35.83217,136.44733,2015,4,8,17.31101609258741,0.008056532586635742,0.16868259385228157
-35.83217,136.44733,2015,6,29,NA,NA,NA
-35.83217,136.44733,2015,9,9,14.83051086127682,NA,0.2780644704401493
-35.83217,136.44733,2015,11,16,16.093592898050986,NA,NA
-35.83217,136.44733,2016,2,23,NA,NA,NA
-35.83217,136.44733,2016,5,25,17.460323401779192,0.007095661727679185,NA
-35.83217,136.44733,2016,9,15,14.655812702056494,0.0042297392153571485,0.22555472624712977
-35.83217,136.44733,2016,11,18,14.768487666081683,0.04570454961622389,0.2293906956911087
-35.83217,136.44733,2017,3,15,20.14596651923125,0.05737567332488975,NA
-35.83217,136.44733,2017,5,18,17.677393613813308,0.031343941220453815,0.5015769383311272
-35.83217,136.44733,2017,9,8,NA,NA,NA
-35.83217,136.44733,2017,11,29,18.11339305493715,0.04865153815634871,NA
-35.83217,136.44733,2018,3,7,18.9536152925304,0.08631147666061373,0
-35.83217,136.44733,2018,5,15,18.49455694061305,0.013728770237895411,NA
-35.83217,136.44733,2018,8,20,15.501880443096184,NA,NA
-35.83217,136.44733,2018,12,4,16.233189005892484,0.009642088718660827,0.16407142108992526
-35.83217,136.44733,2019,3,20,NA,0.04504409991912472,0.16304229378700255
-35.83217,136.44733,2019,5,14,17.767784551288514,NA,0.3795555891661808
-35.83217,136.44733,2019,9,9,14.356067242712186,NA,NA
-35.83217,136.44733,2019,11,27,16.315594316946317,0.008812354081149954,NA
-35.83217,136.44733,2020,2,4,18.765636091294255,NA,0.23427997909638346
-35.83217,136.44733,2020,5,27,NA,NA,NA
-35.83217,136.44733,2020,11,23,16.224266740990856,NA,NA
-35.83217,136.44733,2021,2,2,17.040427298222994,NA,0.3751083222031593
-35.83217,136.44733,2021,5,5,NA,NA,NA
-35.83217,136.44733,2021,9,14,14.895862549125695,NA,0.1880292184650898
-35.83217,136.44733,2021,11,22,12.524441173262915,NA,NA
-35.83217,136.44733,2022,1,28,NA,NA,0.17620451895830533
-35.83217,136.44733,2022,5,9,17.544434121211054,NA,0.2931394386291504
-35.83217,136.44733,2022,9,1,14.720356622005,NA,0
-34.11923,151.22667,2009,2,23,24.00819839692042,0.06086711043025784,0.14520422065699543
-34.11923,151.22667,2009,3,18,22.184831967198818,0.031474700974278125,0.2068798751348541
-34.11923,151.22667,2009,4,22,21.076270571444184,0.029061431013698284,NA
-34.11923,151.22667,2009,5,18,20.427870963822784,0.04998958909153379,NA
-34.11923,151.22667,2009,6,23,19.399783266884754,0.10034639036821144,1.0361126515330101
-34.11923,151.22667,2009,7,14,17.648820562240132,0.07174705873376772,0.8168838628464274
-34.11923,151.22667,2009,8,19,17.116810923422634,0.16327499122579464,0.5883210690654054
-34.11923,151.22667,2009,9,20,17.15636675806161,0.15005874902720767,1.050690625954156
-34.11923,151.22667,2009,9,24,16.354756404868056,0.09891352448384783,2.5695153956461434
-34.11923,151.22667,2009,10,11,18.58810967139061,0.053614032198938295,NA
-34.11923,151.22667,2009,10,18,18.732666681292358,0.059502845894434865,0.8309166554323176
-34.11923,151.22667,2009,11,10,20.164974438489253,0.17721148123846,2.092247828527501
-34.11923,151.22667,2009,12,6,21.514717910751244,0.18057467230250407,NA
-34.11923,151.22667,2010,1,19,21.599862862510577,0.1281751178795416,NA
-34.11923,151.22667,2010,2,18,23.410006737923993,0.1648558741397464,0.13853947547349063
-34.11923,151.22667,2010,3,16,23.102155413100093,0.10224924847023636,0.30212771228474117
-34.11923,151.22667,2010,4,13,21.282091008481245,0.10815706808565369,0.3564968879024188
-34.11923,151.22667,2010,5,10,22.918862884786108,0.05699850485813139,NA
-34.11923,151.22667,2010,6,9,21.340281761684025,0.06377900644911158,0.38838854245841503
-34.11923,151.22667,2010,7,2,NA,0.05732425548628338,NA
-34.11923,151.22667,2010,8,17,17.036754637127444,0.03977809314052123,0.6238371392293852
-34.11923,151.22667,2010,9,8,17.256715618446492,0.11237849633009324,21.04921999844638
-34.11923,151.22667,2010,10,13,NA,0.07774619163582605,NA
-34.11923,151.22667,2010,10,19,NA,0.09568023386625742,NA
-34.11923,151.22667,2010,11,10,NA,0.05580117165120141,0.4842036056977052
-34.11923,151.22667,2010,12,13,17.545097802493444,0.11340545984465841,4.1205250312993815
-34.11923,151.22667,2011,2,3,NA,NA,NA
-34.11923,151.22667,2011,2,28,24.111728587880975,0.007171959165611219,0.14345149137079716
-34.11923,151.22667,2011,3,29,24.540460308348088,0.0280774571589886,0.29765978991529163
-34.11923,151.22667,2011,4,20,NA,0.0470948031718941,NA
-34.11923,151.22667,2011,5,17,20.01382688644435,0.014903432876057355,NA
-34.11923,151.22667,2011,6,19,19.6860940871087,NA,0.6388375175495943
-34.11923,151.22667,2011,7,17,18.169429700562773,0.05600604126835372,0.16531453281641006
-34.11923,151.22667,2011,8,29,NA,0.07621351075030901,NA
-34.11923,151.22667,2011,9,14,17.0975658909328,0.03984493148088508,0.5172197089220086
-34.11923,151.22667,2011,10,18,18.581657777131852,0.1871347260159004,0.3732025412485955
-34.11923,151.22667,2011,11,17,NA,0.13126363816703035,NA
-34.11923,151.22667,2011,12,6,NA,0.1089680008545313,NA
-34.11923,151.22667,2012,2,12,NA,0.05616371786850782,1.2990145418379042
-34.11923,151.22667,2012,3,11,NA,0.028475899334855892,0.6301407911861786
-34.11923,151.22667,2012,5,17,20.428914607604668,0.047986319869378784,0.5378243010700419
-34.11923,151.22667,2012,6,28,NA,0.08263626415470945,0.14536685255271467
-34.11923,151.22667,2012,7,17,NA,0.05550638609555491,1.9813244920604083
-34.11923,151.22667,2012,8,21,16.566226052554953,0.11605603283841728,0.7419098178959556
-34.11923,151.22667,2012,9,17,NA,0.07260125093888237,1.690204961992362
-34.11923,151.22667,2012,10,9,17.750928843094698,0.1755497230403003,NA
-34.11923,151.22667,2012,11,20,18.325831306273415,0.0837545085762336,0.34951593312952256
-34.11923,151.22667,2012,12,18,NA,0.09462071354553005,5.823604838479133
-34.11923,151.22667,2013,1,24,NA,0.21234187355988585,0.19911249391325228
-34.11923,151.22667,2013,2,27,22.9729825609885,0.12005401858605588,NA
-34.11923,151.22667,2013,3,19,NA,0.01791463842644164,0.19267017689052518
-34.11923,151.22667,2013,4,22,21.015266642617405,0.06293951726024118,1.4848236169885187
-34.11923,151.22667,2013,5,14,21.70979118756952,0.036109697581282754,0.8499586420754591
-34.11923,151.22667,2013,6,11,19.91073086561329,0.015248042970717043,NA
-34.11923,151.22667,2013,7,25,17.438812179863476,0.044630754490753564,0.6830078844601909
-34.11923,151.22667,2013,8,26,NA,0.02911398576699209,NA
-34.11923,151.22667,2013,9,15,NA,0.05219722926832322,NA
-34.11923,151.22667,2013,10,20,20.575086294354946,0.10587185082324936,0.2185896430993295
-34.11923,151.22667,2013,10,27,19.275145519152318,0.11292631193444524,NA
-34.11923,151.22667,2013,12,2,20.81826714268402,0.08873392031495582,0.23499968819234562
-34.11923,151.22667,2014,1,20,NA,0.06368344722412793,NA
-34.11923,151.22667,2014,2,11,NA,0.013973330775552557,0.19990451633930206
-34.11923,151.22667,2014,3,17,23.616403667748955,0.0027467077655532325,0.6804807908607252
-34.11923,151.22667,2014,4,27,NA,0.028420795629682756,NA
-34.11923,151.22667,2014,5,15,22.34185581577401,0.035199428348023656,0.35220424131471284
-34.11923,151.22667,2014,6,12,19.907404996035666,0.049368075553356254,NA
-34.11923,151.22667,2014,7,16,17.821521688024404,0.01159194867339803,0.2873982689343393
-34.11923,151.22667,2014,8,24,17.53785338662567,0.028938770458310233,0.5492783862274963
-34.11923,151.22667,2014,9,11,17.181362415105127,0.05906884934475133,1.5138223032758693
-34.11923,151.22667,2014,10,21,NA,0.03464993645513384,NA
-34.11923,151.22667,2014,11,12,NA,0.07757160514549921,0.4037911185284251
-34.11923,151.22667,2014,12,8,18.990594499185704,0.08789622164075359,NA
-34.11923,151.22667,2015,1,21,23.22703661856775,0.1006302168373186,0.3734562605926671
-34.11923,151.22667,2015,2,25,22.19980581115402,0.043739535481717676,NA
-34.11923,151.22667,2015,3,30,NA,0.016405122962124777,NA
-34.11923,151.22667,2015,5,18,19.123252103891673,0.007248256603543253,NA
-34.11923,151.22667,2015,6,30,NA,0.008011230982863595,0.3523177257605961
-34.11923,151.22667,2015,7,23,NA,0.08355637617688798,0.43143177032470703
-34.11923,151.22667,2015,8,19,18.373250600589188,0.059019002757272024,NA
-34.11923,151.22667,2015,10,13,19.449758156933513,0.06217783406833199,NA
-34.11923,151.22667,2015,11,15,20.15687358585558,0.01860741916286451,0.232414111495018
-34.11923,151.22667,2015,12,15,NA,0.11816184212534143,NA
-34.11923,151.22667,2016,2,1,24.245516145643933,0.0632349252891575,NA
-34.11923,151.22667,2016,2,29,NA,0.054024455089567325,NA
-34.11923,151.22667,2016,4,7,NA,0.07998870797918606,NA
-34.11923,151.22667,2016,5,2,21.214663119717954,0.02358141432167409,NA
-34.11923,151.22667,2016,6,15,20.563624611464263,0.03605009061442776,0.33519853294516605
-34.11923,151.22667,2016,7,19,19.60719946627887,0.09287534524590664,NA
-34.11923,151.22667,2016,8,29,NA,0.025703260413927065,NA
-34.11923,151.22667,2016,9,26,20.177188596189524,0.025025559641707232,0.2994169016989569
-34.11923,151.22667,2016,10,30,19.632633390637125,0.07234239167272019,0
-34.11923,151.22667,2016,12,4,20.170048340410005,0.025244278963779062,NA
-34.11923,151.22667,2017,2,5,24.461343494788935,0.0543260198499005,NA
-34.11923,151.22667,2017,3,21,NA,NA,NA
-34.11923,151.22667,2017,4,19,22.85604733504357,0.002648611059640617,0.5962508466452293
-34.11923,151.22667,2017,5,17,17.88388786222788,NA,0.27861613725361073
-34.11923,151.22667,2017,6,14,19.336783416551214,0.004059023697984222,NA
-34.11923,151.22667,2017,7,16,19.049832465679913,0.061590343796255324,NA
-34.11923,151.22667,2017,8,21,18.36436550939277,0.016624593097515135,NA
-34.11923,151.22667,2017,9,21,18.47830018086904,0.038364456549135284,NA
-34.11923,151.22667,2017,10,24,19.797780236834683,0.06872413333949287,4.518481264295786
-34.11923,151.22667,2017,12,11,21.5097883989734,0.1067584270520196,0.2569834964007747
-34.11923,151.22667,2018,1,23,22.91596741341658,0.08322421656676274,NA
-34.11923,151.22667,2018,2,21,NA,0.10900004577846276,0
-34.11923,151.22667,2018,3,26,22.68127291572671,0.030638124596433586,0.9162996555726552
-34.11923,151.22667,2018,5,28,18.877430216491746,0.010394403897093606,2.7812566323713823
-34.11923,151.22667,2018,6,26,18.53590443185533,0.020641636020529097,NA
-34.11923,151.22667,2018,7,24,17.44719723736449,0.011597210565669204,1.255777371605647
-34.11923,151.22667,2018,9,5,15.761838862504248,0.06759953000778234,NA
-34.11923,151.22667,2018,9,27,17.717520971524152,0.047120855362836334,0.9429466995325956
-34.11923,151.22667,2018,11,20,19.74056648484742,0.09515816458883311,NA
-34.11923,151.22667,2018,12,18,NA,0.13209846200598627,NA
-34.11923,151.22667,2019,1,21,NA,0.03886870887326308,NA
-34.11923,151.22667,2019,2,27,NA,0.060332475484748585,0
-34.11923,151.22667,2019,4,8,NA,0.05140616178108739,NA
-34.11923,151.22667,2019,5,22,NA,NA,0.3450174485238231
-34.11923,151.22667,2019,6,26,18.761992193199717,NA,NA
-34.11923,151.22667,2019,7,29,NA,0.019091699809811295,12.33749888420105
-34.11923,151.22667,2019,8,27,17.681767059452852,0.090165879476144,NA
-34.11923,151.22667,2019,9,23,17.522139171240553,0.05503944577541086,NA
-34.11923,151.22667,2019,10,28,19.588204960952794,0.05608849066613049,0.17814633693723453
-34.11923,151.22667,2019,11,18,19.533705354710264,0.06535109122464239,NA
-34.11923,151.22667,2019,12,16,20.550538046838312,0.09352832800561425,NA
-34.11923,151.22667,2020,2,24,22.904645738023703,NA,1.951834207489377
-34.11923,151.22667,2020,5,20,20.49974049665036,NA,3.559080428310803
-34.11923,151.22667,2020,6,9,NA,NA,0.4380003481495137
-34.11923,151.22667,2020,6,30,NA,NA,2.036161755814272
-34.11923,151.22667,2020,8,12,NA,NA,NA
-34.11923,151.22667,2020,8,31,NA,NA,0
-34.11923,151.22667,2020,9,22,17.786539437111117,NA,1.1692354752092946
-34.11923,151.22667,2020,10,13,NA,NA,1.216173390648803
-34.11923,151.22667,2020,11,10,19.158819771659694,NA,1.0331934335255863
-34.11923,151.22667,2021,2,10,NA,NA,1.2640628814697266
-34.11923,151.22667,2021,3,10,NA,NA,0.234759407384055
-34.11923,151.22667,2021,4,21,21.78714573431546,NA,0.6504406182452885
-34.11923,151.22667,2021,5,19,NA,NA,10.498057980835437
-34.11923,151.22667,2021,6,15,19.69812366217377,NA,NA
-34.11923,151.22667,2021,10,27,NA,NA,NA
-34.11923,151.22667,2021,11,9,NA,NA,NA
-34.11923,151.22667,2021,11,24,NA,NA,0.4271105482028081
-34.11923,151.22667,2021,12,15,NA,NA,0.4405605274563034
-34.11923,151.22667,2022,1,23,NA,NA,NA
-34.11923,151.22667,2022,2,16,24.358374945050286,NA,0.5645101162103506
-34.11923,151.22667,2022,3,16,24.705205032442336,NA,NA
-34.11923,151.22667,2022,4,26,NA,NA,NA
-34.11923,151.22667,2022,6,29,NA,NA,NA
-34.11923,151.22667,2022,8,2,NA,NA,NA
-34.11758,151.21815,2002,2,19,23.394037789494462,0.06537673131602907,NA
-34.11758,151.21815,2002,3,18,23.045519621325866,0.13083484656585231,NA
-34.11758,151.21815,2002,4,26,20.125327127426885,0.009037778329585511,NA
-34.11758,151.21815,2002,6,4,17.98529045299557,NA,NA
-34.11758,151.21815,2002,6,25,16.683120772509653,0.030820301763127552,NA
-34.11758,151.21815,2002,7,29,NA,0.019592092097547364,NA
-34.11758,151.21815,2002,8,20,22.994897293565543,0.040444089774789305,0.6625766200905151
-34.11758,151.21815,2002,9,26,16.63268578349846,0.02485071134644632,17.40920568689888
-34.11758,151.21815,2002,10,21,16.096270906180166,0.0857964689545725,0.1554325044155121
-34.11758,151.21815,2002,11,20,20.375252406748984,0.08885752216440572,NA
-34.11758,151.21815,2002,12,18,NA,0.11505965058264772,NA
-34.11758,151.21815,2003,1,20,21.974906379799847,0.10370652953473822,NA
-34.11758,151.21815,2003,2,11,21.951801928378813,0.019119813275819134,0.3731776021775745
-34.11758,151.21815,2003,3,19,22.265739613246524,0.0612179340453645,0.5294761635983983
-34.11758,151.21815,2003,4,23,21.752910151114747,0.054074075101648994,NA
-34.11758,151.21815,2003,5,30,19.840503055271995,0.001907435948300856,0.7220542408964213
-34.11758,151.21815,2003,6,30,18.123206152607338,0.013626157248454411,0.08865751938096114
-34.11758,151.21815,2003,7,21,17.305716904393364,NA,2.3844234291897264
-34.11758,151.21815,2003,8,18,17.828692192025528,0.0011444615689805136,0.2627369686961174
-34.11758,151.21815,2003,9,11,NA,0.006388638802842334,0.7510941720434597
-34.11758,151.21815,2003,10,27,NA,0.02480068298253913,0.2894475692883134
-34.11758,151.21815,2003,11,14,19.147095991249387,0.05282444243429282,0.3731141851303425
-34.11758,151.21815,2003,12,10,20.353395789671936,0.06802461573340367,0.34091092497957026
-34.11758,151.21815,2004,1,20,21.848306423249994,0.03206127338243982,0.4240651278290898
-34.11758,151.21815,2004,2,11,19.81565008722248,0.05102939876155671,NA
-34.11758,151.21815,2004,3,26,22.632430848493357,0.016458447325338816,NA
-34.11758,151.21815,2004,4,21,21.46059281584934,0.01889996533916391,0.1964067940304919
-34.11758,151.21815,2004,5,24,NA,0.009918666931164452,NA
-34.11758,151.21815,2004,6,25,17.223848555855625,0.04298539705669595,0.6379247301368303
-34.11758,151.21815,2004,7,25,17.163166617025297,NA,NA
-34.11758,151.21815,2004,8,23,18.59267307012567,0.011666571872880145,0.30448202820534404
-34.11758,151.21815,2004,9,14,17.613836121081192,0.009308287427708176,NA
-34.11758,151.21815,2004,10,27,18.691572197808625,0.024619657271908808,5.325386309429355
-34.11758,151.21815,2004,11,16,19.401633025150545,0.012456101724104104,1.0668067163542698
-34.11758,151.21815,2004,12,22,NA,0.0725182797297837,NA
-34.11758,151.21815,2005,1,31,24.36419761253279,0.02608645735009552,0.3738894904597422
-34.11758,151.21815,2005,2,25,23.522600728163354,0.0985746311682332,0.18826588649641385
-34.11758,151.21815,2005,4,14,22.256963159593795,0.0106743748878246,0.4490525922277471
-34.11758,151.21815,2005,5,10,20.350044112427668,NA,0.2748691701683505
-34.11758,151.21815,2005,7,6,18.59174068442917,0.008383180992782263,0.5136155130633389
-34.11758,151.21815,2005,8,17,16.87838755068634,0.0106969007980712,0.7561682500737779
-34.11758,151.21815,2005,9,9,NA,0.028754596920635405,4.4715056955814365
-34.11758,151.21815,2005,11,15,19.29717477448287,0.03237073461235334,NA
-34.11758,151.21815,2005,12,8,21.151376872783885,0.10896647490577266,0.89090263346831
-34.11758,151.21815,2006,1,30,23.89309995658698,0.1082889536569362,0.1945830213712392
-34.11758,151.21815,2006,2,24,23.38792085535016,0.05206462727957205,NA
-34.11758,151.21815,2006,6,14,18.934560619542992,0.011959983289421518,0.40459374449354535
-34.11758,151.21815,2006,7,24,NA,0.005562776838317405,NA
-34.11758,151.21815,2006,12,13,19.772256146053167,0.11086017731524575,1.0162618720387837
-34.11758,151.21815,2007,1,15,19.940316427926405,0.030665775306556346,0.819044726333399
-34.11758,151.21815,2007,2,19,23.29837320365891,0.038082731992670496,1.9218747534249958
-34.11758,151.21815,2007,3,19,NA,0.009443927317365127,NA
-34.11758,151.21815,2007,4,18,22.649340139160756,NA,0.3460322226178558
-34.11758,151.21815,2007,5,16,22.57600374781356,0.03316077396121038,NA
-34.11758,151.21815,2007,7,3,NA,NA,1.7641270606072395
-34.11758,151.21815,2007,7,23,NA,0.020325637465093922,0.443144841509503
-34.11758,151.21815,2007,8,30,17.26840825521583,0.010843212355517337,0.7043884393415953
-34.11758,151.21815,2007,9,24,17.568801914310143,0.05617489698029274,0.708584050834179
-34.11758,151.21815,2007,10,26,NA,0.07187676437825218,1.1627534489396592
-34.11758,151.21815,2007,11,28,21.247428561549896,0.023385164726168497,0.20919103175401688
-34.11758,151.21815,2008,1,30,24.675889609402645,NA,0.19773933560012238
-34.11758,151.21815,2008,2,19,23.102211599066038,NA,0.1873494436343511
-34.11758,151.21815,2008,3,18,20.897964494183384,NA,19.376165449619293
-34.11758,151.21815,2008,4,30,NA,NA,0.7990867707037157
-34.11758,151.21815,2008,5,29,19.664666261960747,NA,0.23131984756106422
-34.11758,151.21815,2008,6,20,19.11292344072666,NA,0.30049763258410106
-34.11758,151.21815,2008,8,5,16.11389634215999,0.026555996484932152,0.2165090179703427
-34.11758,151.21815,2008,8,25,15.443461163412337,0.07667892512169441,0.44885797871322164
-34.11758,151.21815,2008,9,24,16.99014354081089,0.05108876443929013,2.8881807364915546
-34.11758,151.21815,2008,10,17,18.627202071411148,0.11493293455205775,2.5274335306177855
-34.11758,151.21815,2008,12,2,NA,0.14586238994094577,0.551941785848502
-34.11758,151.21815,2009,1,20,22.380932214462575,0.10033418277814231,0.33361243456602097
-33.93333,121.85,2009,5,12,19.72490273647162,0.12389130777112216,NA
-33.93333,121.85,2009,6,23,NA,0.07442854398846194,NA
-33.93333,121.85,2009,9,17,16.325012000612162,0.029305074362569197,NA
-33.93333,121.85,2009,12,16,18.514079458377296,0.009475011458744844,NA
-33.93333,121.85,2010,3,22,NA,0.023729289768387722,NA
-33.93333,121.85,2010,6,29,17.58600555392917,0.09124072376536194,0.4028227813541889
-33.93333,121.85,2010,10,13,NA,0.13205749334442504,0.15340834139090664
-33.93333,121.85,2011,1,20,20.405833559331256,0.05481302329620349,NA
-33.93333,121.85,2011,5,12,NA,0.15250835299631052,NA
-33.93333,121.85,2011,8,18,16.472557945701567,0.015896176551218996,0.3022627450766102
-33.93333,121.85,2011,11,30,18.624705668759304,0.06449729191289633,NA
-33.93333,121.85,2012,2,29,NA,0.05736151503743844,0.20492866449058056
-33.93333,121.85,2012,3,9,20.871216342073637,0.14754665981615306,0.4172083263213818
-33.93333,121.85,2012,6,12,18.8861214991735,0.07166453164935711,NA
-33.93333,121.85,2012,9,10,NA,0.008501714512426673,0.18398751355707646
-33.93333,121.85,2012,12,12,NA,0.03576540724504739,NA
-33.93333,121.85,2013,3,14,NA,0.035894627267112025,NA
-33.93333,121.85,2013,7,25,17.446812179684684,0.09031414250882651,0.5085611247791434
-32,115.41667,2009,10,26,18.980047463833614,0.011597210565669204,NA
-32,115.41667,2009,12,22,20.53169335371092,0.003738574458669678,0.24000128209590912
-32,115.41667,2010,3,15,22.47164836713091,0.008333375720798852,0.1349047461990267
-32,115.41667,2010,4,16,21.65041733992598,0.058927849327819574,0.32483227983597784
-32,115.41667,2010,5,20,21.30073530264201,0.10324874490714601,NA
-32,115.41667,2010,6,17,NA,0.07396353946223959,0.34952373875350484
-32,115.41667,2010,7,23,20.427316418869623,0.03353463140707735,NA
-32,115.41667,2010,8,20,NA,0.08135786550287641,0.21065404949088892
-32,115.41667,2010,9,24,19.851150235492355,0.142540399493385,0.239000474413236
-32,115.41667,2010,11,24,21.182879917985872,0.14321792074222148,0.17199756481598333
-32,115.41667,2010,12,15,NA,0.16485892603726368,NA
-32,115.41667,2011,1,25,22.516432578820343,0.2486762394518792,NA
-32,115.41667,2011,2,24,26.302902774979827,0.1814307295561015,NA
-32,115.41667,2011,3,24,24.06936767689058,0.18125219355134053,0.39135834264258546
-32,115.41667,2011,5,27,22.393342149775094,0.13025803793508614,0.5227491005938104
-32,115.41667,2011,6,22,19.632618276774906,0.13695695298551874,0.5153740865568961
-32,115.41667,2011,7,25,20.179641155543777,0.1016541284543665,NA
-32,115.41667,2011,8,26,19.447703149484028,0.08052077085998927,NA
-32,115.41667,2011,9,23,19.625701075254256,0.046450833930996596,0.2582840344735554
-32,115.41667,2011,10,20,19.353176193477395,0.03593227839409153,0.3391294501947634
-32,115.41667,2011,11,22,20.830702725425397,0.05091029478012737,NA
-32,115.41667,2011,12,21,22.571125126174763,0.1156775975462744,0.17647656805965364
-32,115.41667,2012,1,30,23.937446690537058,0.06790217651157941,0.22132993194585046
-32,115.41667,2012,2,21,NA,0.17366059847710313,0.21206814342552854
-32,115.41667,2012,3,29,24.219193048858017,0.09783848571767022,NA
-32,115.41667,2012,5,4,NA,0.10328994552362931,NA
-32,115.41667,2012,5,23,22.191724461730985,0.13688675934262126,0.6109469747170806
-32,115.41667,2012,7,27,20.014178525573698,0.052121831748889874,0.2968590897743148
-32,115.41667,2012,8,24,19.19479102301932,0.04879136380822554,NA
-32,115.41667,2012,9,28,18.696246899209086,0.010049462539047939,NA
-32,115.41667,2012,10,19,19.380435976489593,0.05813088864272548,0.08159574374024357
-32,115.41667,2012,11,26,20.083026737200214,0.05227992928845934,0.16241100193052502
-32,115.41667,2012,12,19,21.008404038867184,0.046015095392806855,NA
-32,115.41667,2013,1,25,22.676241564253985,0.09034903595889057,0.29550397113749854
-32,115.41667,2013,2,21,24.09339505300551,0.1557505378969374,NA
-32,115.41667,2013,3,21,22.86827060799635,0.08875680954633544,0.2698501819613004
-32,115.41667,2013,4,23,23.328121541854443,0.1167427097798056,0.3031145019845648
-32,115.41667,2013,5,17,NA,0.12363389437382692,NA
-32,115.41667,2013,7,12,NA,0.11120809363221583,0.295660769509286
-32,115.41667,2013,10,1,NA,0.10067752124883646,NA
-32,115.41667,2013,10,17,NA,0.034602622134857805,NA
-32,115.41667,2013,11,22,20.44833698740439,0.10045625867883357,0.2075368808582425
-32,115.41667,2013,12,18,NA,0.09823752918377,NA
-32,115.41667,2014,1,22,22.901513382295775,0.10925640516991439,0.2957410196152826
-32,115.41667,2014,2,27,22.554629515897943,0.042292118654185,0.3230212912039489
-32,115.41667,2014,3,19,22.480084077496542,0.06532948458642306,NA
-32,115.41667,2014,5,19,NA,0.12096958784124029,0.21215065410360695
-32,115.41667,2014,6,24,21.802881602280706,0.08334121740191965,0.42539957388123467
-32,115.41667,2014,7,30,20.309744328632974,0.06107304716707613,NA
-32,115.41667,2014,9,2,NA,0.020136419819022477,NA
-32,115.41667,2014,9,19,20.253372827793157,0.0443251782271818,0.3656950308797286
-32,115.41667,2014,10,14,20.250844324131833,0.023302135161360104,0.22930917501145479
-32,115.41667,2014,11,19,19.244508991876387,0.0011444615689805136,NA
-32,115.41667,2014,12,16,20.609113328448643,0.0387686356492149,NA
-32,115.41667,2015,1,28,21.941833874201166,0.04265823917811944,0.16408046195283532
-32,115.41667,2015,2,24,22.652489375881885,0.0510353562327377,0.18885367661714553
-32,115.41667,2015,3,19,23.247061348747877,0.013859205196124809,NA
-32,115.41667,2015,5,7,22.063011663593386,0.023867633818974006,0.4160237029815714
-32,115.41667,2015,7,1,NA,0.034106578105362544,NA
-32,115.41667,2015,7,24,NA,0.018783041992722613,0.27187933027744293
-32,115.41667,2015,8,27,19.6372830606997,0.005086495862135616,0.2654763175284161
-32,115.41667,2015,9,24,19.27466406683243,NA,0.12446998877089414
-32,115.41667,2015,10,22,19.259953149392288,NA,NA
-32,115.41667,2015,12,15,20.924846853771157,NA,NA
-32,115.41667,2016,2,23,21.426865530986788,NA,0.13725713838605172
-32,115.41667,2016,3,24,19.97153725788513,0.03818868429064819,NA
-32,115.41667,2016,4,13,21.772072238236547,0.10661041002243145,0.2598084159118613
-32,115.41667,2016,5,2,21.213209092665636,0.06274192645944282,NA
-32,115.41667,2016,5,27,19.993615468094788,0.03641806976414415,NA
-32,115.41667,2016,6,21,20.218682855740212,0.02722074592735176,NA
-32,115.41667,2016,7,22,NA,0.0579738452382769,0.32139264165409026
-32,115.41667,2016,10,4,17.951235452315075,0.02154339460559603,0.3375086384815174
-32,115.41667,2016,10,24,18.356027520986117,0.03430629521682884,NA
-32,115.41667,2016,11,14,18.803614551615397,0.040742831855706284,0.1507757516283738
-32,115.41667,2016,12,14,20.169760348233922,0.07500284269486489,NA
-32,115.41667,2017,1,20,20.476092591364363,0.05755268338089207,0.22702185640630035
-32,115.41667,2017,3,3,23.688911006330613,0.0195484935615862,0.20428810913845435
-32,115.41667,2017,3,31,21.78911854018355,0.033341980376298964,0.3801626064339463
-32,115.41667,2017,4,7,21.448287295156888,0.03738574458669678,0.403081761362652
-32,115.41667,2017,4,28,21.956820580487488,0.04722633972090752,NA
-32,115.41667,2017,5,23,22.20951217789684,0.05756641691971984,NA
-32,115.41667,2017,6,26,21.66364461263788,0.07437016464987106,0.4028300758240358
-32,115.41667,2017,8,2,20.388500000281567,0.044639324267305054,NA
-32,115.41667,2017,9,14,NA,0.05467983051795788,NA
-32,115.41667,2017,11,3,18.82833681888883,0.02494510052534254,0.3386760699687545
-32,115.41667,2017,11,23,21.017707811233947,0.03888060920395774,0
-32,115.41667,2017,12,14,21.031637469016857,0.05804474316521682,0.26918171589471857
-32,115.41667,2018,1,25,21.72150462884457,0.12104741122793097,0
-32,115.41667,2018,2,21,22.37639815178187,0.10876657561839073,0
-32,115.41667,2018,3,28,21.866804958610942,0.11695329070849801,0.48713130742004235
-32,115.41667,2018,5,11,22.365214030796494,0.11051836479331024,0.7113933876617667
-32,115.41667,2018,6,20,20.488626743322982,0.0625992368649945,NA
-32,115.41667,2018,7,19,20.62530670424718,0.10773045641127371,0.5708957849089632
-32,115.41667,2018,7,27,19.82221133349975,0.07692155097431828,NA
-32,115.41667,2018,8,31,16.0142461512238,0.06710553642659527,NA
-32,115.41667,2018,9,21,18.25784996350609,0.04214357456235594,0.27845307979732753
-32,115.41667,2018,10,24,19.4731837988935,0.038095176904310434,NA
-32,115.41667,2018,11,30,18.845331193672337,0.010805977876003665,0
-32,115.41667,2018,12,11,18.92659922608192,0.03919590130163429,NA
-32,115.41667,2019,1,25,20.36448725935901,0.007411751113397612,0
-32,115.41667,2019,2,21,NA,0.004471029862817206,0
-32,115.41667,2019,3,6,NA,0.020267869404945384,0
-32,115.41667,2019,5,7,21.386974208365245,0.046266102906003546,0.313420330133775
-32,115.41667,2019,5,27,21.26977450493723,0.0638548517540781,0.3708084178097705
-32,115.41667,2019,6,21,21.004933526579862,0.060952497215143515,NA
-32,115.41667,2019,7,11,19.801592203339283,0.04506584468893535,0.43559181516046647
-32,115.41667,2019,8,19,19.456456427979845,0.013839507491560656,0.33320235802481574
-32,115.41667,2019,10,11,NA,0.041980865754226084,NA
-32,115.41667,2019,11,4,19.85726366152784,0.006027497596630705,0.2975386034469215
-32,115.41667,2019,11,26,20.180528418098902,0.033177079462058764,0.16068723109429298
-32,115.41667,2019,12,18,21.169117881184434,0.003929318053499763,0.205428315345774
-32,115.41667,2020,1,28,21.308316390745745,NA,0.2241903740602235
-32,115.41667,2020,3,4,23.086680408484426,NA,NA
-32,115.41667,2020,5,20,21.638687839613965,NA,0.6454289487252632
-32,115.41667,2020,6,5,NA,NA,NA
-32,115.41667,2020,7,10,21.198509520664857,NA,0.5360438061665885
-32,115.41667,2020,7,30,NA,NA,NA
-32,115.41667,2020,8,14,NA,NA,0.225432597928577
-32,115.41667,2020,8,25,19.649798908001856,NA,0
-32,115.41667,2020,10,13,19.49545685849671,NA,NA
-32,115.41667,2020,11,6,20.665446992549676,NA,0.31455271051387595
-32,115.41667,2020,11,27,20.52422850802543,NA,NA
-32,115.41667,2021,1,21,23.147503868035187,NA,0.36303895804070935
-32,115.41667,2021,2,24,22.348814803858602,NA,0.30507701078448635
-32,115.41667,2021,4,7,NA,NA,NA
-32,115.41667,2021,4,28,NA,NA,NA
-32,115.41667,2021,8,3,19.079621471837186,NA,NA
-32,115.41667,2021,8,18,NA,NA,0.44498216091972037
-32,115.41667,2021,9,28,NA,NA,0.2174885256253943
-32,115.41667,2021,11,5,18.80403517428425,NA,0.412612297019716
-32,115.41667,2021,11,25,20.558758185803924,NA,0.24810022837722423
-32,115.41667,2021,12,7,20.94400431930751,NA,0.1991777761328605
-32,115.41667,2021,12,20,20.6943394713104,NA,0.17087059986499167
-32,115.41667,2022,1,25,22.652001679274804,NA,NA
-32,115.41667,2022,3,29,16.450259352475427,NA,NA
-32,115.41667,2022,4,13,23.130492527348338,NA,0
-27.345,153.562,2008,9,29,20.946687253714515,0.020146647799891202,NA
-27.345,153.562,2008,10,30,23.085486085246146,0.021515877496833657,0.22254917451313563
-27.345,153.562,2008,11,19,24.135223075777503,0.009308287427708178,NA
-27.345,153.562,2008,12,17,25.120220692130374,0.07603712902614848,0.29813928380608556
-27.345,153.562,2009,1,14,26.515125286442128,0.06146052077109712,0.12821636828494834
-27.345,153.562,2009,2,18,26.770090108810166,0.06949361390444508,NA
-27.345,153.562,2009,3,18,NA,0.012207590069125479,NA
-27.345,153.562,2009,4,16,25.225038783740388,0.06846483271562329,NA
-27.345,153.562,2009,5,27,22.30948357959454,0.051888281275725284,NA
-27.345,153.562,2009,6,18,20.610813072634244,0.04187813773213495,NA
-27.345,153.562,2009,7,20,20.150787636453572,0.015446338454811831,0.2884167758911325
-27.345,153.562,2009,8,19,20.779974785888157,0.024472403216699985,0.3502457928657532
-27.345,153.562,2009,9,16,22.522468254021533,0.05240895623628184,NA
-27.345,153.562,2009,10,6,20.9203422483057,0.08045730693928516,0.49776507675647735
-27.345,153.562,2009,10,15,22.935725628503292,0.05022755710863229,1.0722658675909043
-27.345,153.562,2009,10,21,23.708764043634517,0.060908996929404234,0.13488025963306427
-27.345,153.562,2009,11,1,23.628327326593308,0.055083116975598624,NA
-27.345,153.562,2009,11,15,23.96830198880417,0.08245209792521833,0.10065714203649097
-27.345,153.562,2009,12,15,24.821344065422636,0.038567871979466525,NA
-27.345,153.562,2010,1,21,27.66531524565073,0.049536874551752555,0.14989624939420643
-27.345,153.562,2010,2,14,27.361264120217925,0.06394793462835519,NA
-27.345,153.562,2010,3,22,NA,0.05893061510994461,NA
-27.345,153.562,2010,4,11,25.543475179481675,0.06555906262924101,0.3498620666483397
-27.345,153.562,2010,5,20,NA,0.1160865518135901,NA
-27.345,153.562,2010,6,18,NA,0.10019989928738193,NA
-27.345,153.562,2010,7,11,NA,0.07490272076663666,NA
-27.345,153.562,2010,8,17,21.110477301085723,0.055661678355588294,0.6659422066807746
-27.345,153.562,2010,9,16,22.150762576909358,0.06356108887444956,NA
-27.345,153.562,2010,10,18,NA,0.027304637948967352,0.5924321386218071
-27.345,153.562,2010,11,15,NA,0.07074020999829371,0.1506069948147867
-27.345,153.562,2010,12,15,26.513202934272954,0.07138824278280735,NA
-27.345,153.562,2011,1,19,NA,0.0313592642892385,0.5384029820561409
-27.345,153.562,2011,2,20,27.959828695868964,0.036442065749116355,0.1914238060922607
-27.345,153.562,2011,3,23,27.330031465816262,0.03145583673625821,0.26356659069657323
-27.345,153.562,2011,4,12,NA,0.04610908499025936,0.1661140908719972
-27.345,153.562,2011,6,6,23.423784434072275,0.07718017031519728,0.2541939389705658
-27.345,153.562,2011,6,23,21.235761216731703,0.03895238531223455,1.2630955216288566
-27.345,153.562,2011,7,27,20.5947499857852,0.027472729317601367,NA
-27.345,153.562,2011,8,16,NA,0.02284053088731323,0.2470497089624405
-27.345,153.562,2011,9,15,20.84904232891813,0.04223432370689379,0.44757937759160993
-27.345,153.562,2011,10,13,NA,0.021473490031315857,NA
-27.345,153.562,2011,11,16,24.049733569747104,0.017403990573996525,NA
-27.345,153.562,2011,12,20,24.306063015211862,0.04452248955018552,0.149286837130785
-27.345,153.562,2012,2,13,NA,0.03959837028672577,NA
-27.345,153.562,2012,2,29,NA,0.022322450412115162,NA
-27.345,153.562,2012,5,11,24.16575062427802,0.03165072050213887,0.4477818936109543
-27.345,153.562,2012,6,20,21.26135254097653,0.03986316727719577,NA
-27.345,153.562,2012,8,6,21.55384941735707,0.029724699280495596,0.33190965801477434
-27.345,153.562,2012,8,21,20.5749463930606,0.019556756187353034,NA
-27.345,153.562,2012,9,12,20.22423801502356,0.025290481301193463,0.26443240514143984
-27.345,153.562,2012,10,17,21.8244953670507,0.06807638899485755,NA
-27.345,153.562,2012,11,14,24.547389596944754,0.047872064456075565,0.17259868038328072
-27.345,153.562,2013,1,11,27.03348684521586,0.05550529613215588,0.32395047321915627
-27.345,153.562,2013,1,23,NA,0.0589732098030716,NA
-27.345,153.562,2013,3,26,NA,0.06369509155360824,NA
-27.345,153.562,2013,4,18,24.343595755348645,0.03481585310587493,NA
-27.345,153.562,2013,5,20,23.884525165098864,0.0847972971876115,NA
-27.345,153.562,2013,7,6,21.76349825599948,0.06991547515501097,0.2676708918809891
-27.345,153.562,2013,8,6,NA,0.023488307558928466,0.46011585415136524
-27.345,153.562,2013,8,19,20.961116953194164,0.0353450179335749,0.9790112960338593
-27.345,153.562,2013,9,13,22.169319051872378,0.04557384690294827,0.2059189838014151
-27.345,153.562,2013,10,16,21.927306286913563,0.035309364311546416,NA
-27.345,153.562,2013,11,21,24.129508033146465,0.036273278717494216,NA
-27.345,153.562,2013,12,12,23.56157711837443,0.04889171285545757,NA
-27.345,153.562,2014,2,13,25.176309216138918,0.06720043571706093,0.1356218480845777
-27.345,153.562,2014,3,6,25.191267882535897,0.05083952614204548,0.41388630287514794
-27.345,153.562,2014,4,4,25.9915534585312,0.04414458103960284,0.16193923532962798
-27.345,153.562,2014,5,7,24.314119181502633,0.10290998428272778,NA
-27.345,153.562,2014,6,23,NA,0.10543695542703677,0.2735387472808361
-27.345,153.562,2014,7,25,NA,0.12821937039354217,0.32378333181142804
-27.345,153.562,2014,9,1,22.50536273940969,0.10132299757374147,0.17207828000187875
-27.345,153.562,2014,9,17,19.053500744576297,0.017033403018326645,0.38345604375004766
-27.345,153.562,2014,10,20,22.682454253082426,0.030546224257789422,0.1445589741319418
-27.345,153.562,2014,11,7,24.015115768089913,0.056721210857294965,0.07638960517942905
-27.345,153.562,2014,12,23,24.884295334924218,0.06463841678373655,0.15621716160523264
-27.345,153.562,2015,1,19,NA,0.03844320030540392,NA
-27.345,153.562,2015,3,4,26.458977672356525,0.069694657653396,0.141288875490427
-27.345,153.562,2015,3,23,25.371339315521936,0.0459981993804648,NA
-27.345,153.562,2015,5,12,24.234844681355128,0.08017371996160565,NA
-27.345,153.562,2015,5,28,NA,0.0569399301793668,NA
-27.345,153.562,2015,6,24,22.661092107131367,0.05473747747106208,0.0566474226070568
-27.345,153.562,2015,7,31,21.036358624584977,0.02982481809045166,0.7950342535972595
-27.345,153.562,2015,8,17,20.499792921782955,0.040344389679839,0.21811428934335708
-27.345,153.562,2015,9,7,21.146631907551807,0.04553867081143415,0.42171046301722526
-27.345,153.562,2015,10,27,NA,0.05226692404335729,NA
-27.345,153.562,2015,11,19,24.65447854621914,0.02930911579989144,0.1484208857268095
-27.345,153.562,2015,12,16,25.104774783792777,0.053554817315509054,NA
-27.345,153.562,2016,1,20,26.77985306016501,0.11913201977149518,0.16775536358356477
-27.345,153.562,2016,3,18,27.128814096814608,0.07948972273511055,NA
-27.345,153.562,2016,4,12,26.317691918294315,0.0885864119349539,NA
-27.345,153.562,2016,5,17,24.494573948763616,0.08507164329421818,0.1671968898177147
-27.345,153.562,2016,6,23,NA,0.03291144483368248,NA
-27.345,153.562,2016,8,22,21.662176619774186,0.02482051027726489,0.28043491173731655
-27.345,153.562,2016,9,20,NA,0.02535137032260619,0.4010848693731355
-27.345,153.562,2016,10,19,NA,0.07463879797699002,NA
-27.345,153.562,2016,11,16,23.776358460887593,0.037258940394077344,NA
-27.345,153.562,2016,12,15,24.400878852284677,0.021403675382227722,NA
-27.345,153.562,2017,1,17,27.263810210388158,0.06741320363304305,NA
-27.345,153.562,2017,2,17,27.32353008858348,0.05434052402569102,0
-27.345,153.562,2017,4,24,24.42188751235949,0.05632887247646224,0.29540694595286343
-27.345,153.562,2017,5,16,23.062994687965727,0.06647267553986307,0.3137195864319801
-27.345,153.562,2017,6,27,NA,0.07367314144052581,NA
-27.345,153.562,2017,7,17,20.98763863569792,0.05955980239147425,0.23337552353739738
-27.345,153.562,2017,8,29,21.455970902019203,0.060606636257725895,0
-27.345,153.562,2017,9,27,20.586364001408242,0.025181206415088583,NA
-27.345,153.562,2017,10,23,21.943870067037665,0.02226754855201592,0.17214602107803026
-27.345,153.562,2017,11,16,24.652605171570144,0.05714678101109365,NA
-27.345,153.562,2017,12,19,26.84043984073162,0.08772662267933627,NA
-27.345,153.562,2018,1,23,26.830793058208542,0.08360429981398906,0.1565459318459034
-27.345,153.562,2018,3,2,26.838976150751137,0.06151907301305763,0.11115092377771031
-27.345,153.562,2018,3,20,26.367477610565174,0.0594967420994003,0.18311233934946358
-27.345,153.562,2018,4,17,26.099735372822465,0.1081165214472098,0.15138327185478476
-27.345,153.562,2018,5,30,23.828404616530293,0.09066021630409381,0.210720262080431
-27.345,153.562,2018,7,18,20.755103359801296,0.0853646254558772,0.693268905878067
-27.345,153.562,2018,8,17,20.484003339892013,0.059056012193228195,0.9873295110464096
-27.345,153.562,2018,9,13,21.23139762502467,0.01243866230971964,0.2146501750400176
-27.345,153.562,2018,10,23,23.90039928279731,0.04095053043674349,0.11631208978593349
-27.345,153.562,2018,11,15,24.25529244035573,0.046177557049941954,NA
-27.345,153.562,2019,1,18,26.109194645291097,0.0648367596237171,0
-27.345,153.562,2019,3,22,NA,0.08603146506340317,0.44410205293785443
-27.345,153.562,2019,4,16,25.063763598782543,0.07199646483293771,NA
-27.345,153.562,2019,5,27,NA,0.04518715761524728,0.44337844669818877
-27.345,153.562,2019,6,18,22.812791654053683,0.08617032640043948,0.43689822375774384
-27.345,153.562,2019,7,23,NA,0.0796334216543817,0.4283241984248161
-27.345,153.562,2019,8,21,20.632413928116534,0.057357361939786064,0.6457467013597489
-27.345,153.562,2019,9,16,20.42386557781407,0.07793956688025325,0.38464928656816483
-27.345,153.562,2019,10,24,22.818445854304855,0.02680437990892266,NA
-27.345,153.562,2019,12,20,25.06553267455763,0.07158804434933282,NA
-27.345,153.562,2020,1,22,NA,NA,0.3648216226696968
-27.345,153.562,2020,2,28,27.43662540336902,NA,0.2660961790382862
-27.345,153.562,2020,5,28,NA,NA,NA
-27.345,153.562,2020,6,25,NA,NA,0.42351055226534745
-27.345,153.562,2020,7,20,NA,NA,0.3477322959899902
-27.345,153.562,2020,8,17,20.940405759348096,NA,0
-27.345,153.562,2020,9,17,21.667123005670078,NA,0.21040931905125393
-27.345,153.562,2020,10,22,20.852871144077085,NA,NA
-27.345,153.562,2020,11,16,24.50749130454824,NA,0.43788340628147127
-27.345,153.562,2020,12,21,25.451367378364466,NA,NA
-27.345,153.562,2021,1,19,27.261148126370188,NA,0.23983721683422723
-27.345,153.562,2021,2,26,27.49190744259664,NA,0.1742862155660987
-27.345,153.562,2021,3,28,NA,NA,0.3993846292917927
-27.345,153.562,2021,4,15,25.46582164303669,NA,0.5612286508083344
-27.345,153.562,2021,6,15,NA,NA,1.9658412236359812
-27.345,153.562,2021,7,27,20.651245449624696,NA,0.46833294808864595
-27.345,153.562,2021,8,20,22.21214668162429,NA,0.24971791317588404
-27.345,153.562,2021,10,5,21.167465541713057,NA,0.9795887765288352
-27.345,153.562,2021,10,20,22.924567211698786,NA,0.17322149127721786
-27.345,153.562,2021,11,9,NA,NA,NA
-27.345,153.562,2021,12,22,NA,NA,NA
-27.345,153.562,2022,2,18,NA,NA,0.18106037005782127
-27.345,153.562,2022,3,24,25.988853716539836,NA,0.5839646765589714
-27.345,153.562,2022,4,20,25.260742010129093,NA,NA
-27.345,153.562,2022,6,5,NA,NA,NA
-27.345,153.562,2022,6,26,NA,NA,0.19435070231556892
-27.345,153.562,2022,7,18,21.963823368386556,NA,0.18288473412394524
-21.99,113.779,2010,11,8,25.594924859274215,0.07515594899050562,0.1159077450633049
-21.99,113.779,2011,2,9,NA,0.13935154807501565,NA
-21.99,113.779,2011,5,1,28.361119131688042,0.21943524636442707,0.4255895778536797
-21.99,113.779,2011,7,6,23.666915805047438,0.14584656826171147,NA
-21.99,113.779,2011,11,7,24.093097217622073,0.09299788472596761,0.14623803071677685
-21.99,113.779,2012,2,26,NA,0.19030679199792472,NA
-21.99,113.779,2012,5,9,27.76218793343753,0.16375808282176066,NA
-21.99,113.779,2012,8,27,23.42275728425011,0.010875319422158419,0.17916938146719566
-21.99,113.779,2012,11,7,23.91712773650886,0.05186742218085206,0.26556219682097437
-21.99,113.779,2013,2,9,29.402184013351814,0.03958989279362221,0.061081379428505896
-21.99,113.779,2013,5,9,27.55678256126123,0.13398409575077355,0.31596575304865837
-21.99,113.779,2013,8,6,23.56535145528619,0.05416220476257584,0.174747983366251
-19.30847,147.61842,2009,9,9,24.520337264817215,NA,0.4615974724292755
-19.30847,147.61842,2009,11,23,26.662003504389418,NA,0.33794915921325924
-19.30847,147.61842,2009,12,15,27.793208547491304,NA,NA
-19.30847,147.61842,2010,1,19,NA,NA,NA
-19.30847,147.61842,2010,2,24,28.693115282079134,NA,NA
-19.30847,147.61842,2010,4,13,NA,NA,NA
-19.30847,147.61842,2010,5,21,24.776458840713246,NA,NA
-19.30847,147.61842,2010,7,29,23.310693189843278,NA,NA
-19.30847,147.61842,2010,8,17,23.619473384001424,NA,0.2349566193514092
-19.30847,147.61842,2010,9,9,24.004533912665977,NA,0.2454215626824986
-19.30847,147.61842,2010,11,1,NA,NA,0.17742832949975643
-19.30847,147.61842,2010,12,8,27.24929887235328,NA,0.33022354791561764
-19.30847,147.61842,2011,1,18,NA,NA,1.7902853858470917
-19.30847,147.61842,2011,2,17,28.53845928627453,NA,0.8776217456907034
-19.30847,147.61842,2011,3,23,28.098409127873026,NA,1.7736575950550129
-19.30847,147.61842,2011,4,14,NA,NA,0.5410813758006463
-19.30847,147.61842,2011,5,27,23.420553237926242,NA,0.543421875834465
-19.30847,147.61842,2011,6,16,22.18455643236331,NA,0.3019078589975834
-19.30847,147.61842,2011,7,20,21.684321637857693,NA,0.2361369673907757
-19.30847,147.61842,2011,8,11,21.41957413755091,NA,0.35991642460227014
-19.30847,147.61842,2011,9,8,NA,NA,NA
-19.30847,147.61842,2011,10,27,25.1072128008675,NA,NA
-19.30847,147.61842,2011,12,13,28.98127623409033,NA,0.6807842394709587
-19.30847,147.61842,2012,1,12,NA,NA,0.40434837639331817
-19.30847,147.61842,2012,2,8,NA,NA,0.7330585041642189
-19.30847,147.61842,2012,4,2,NA,NA,0.814414202272892
-19.30847,147.61842,2012,4,24,NA,NA,0.2613354429602623
-19.30847,147.61842,2012,6,4,23.610031898710872,NA,0.33046867430210114
-19.30847,147.61842,2012,6,15,22.75814965783917,NA,0.26535879022308756
-19.30847,147.61842,2012,7,26,NA,NA,0.23149642542004586
-19.30847,147.61842,2012,8,15,22.04755230471494,NA,0.22324199363589287
-19.30847,147.61842,2012,9,18,23.493639634448016,NA,0.15834717736357734
-19.30847,147.61842,2012,10,26,25.001505876369777,NA,0.17292695850133896
-19.30847,147.61842,2012,11,29,26.231417509258165,NA,0.261448370218277
-19.30847,147.61842,2012,12,19,27.86332201430281,NA,NA
-19.30847,147.61842,2013,1,31,29.204726274026427,NA,0.24083458751440048
-19.30847,147.61842,2013,2,20,28.87537908769133,NA,NA
-19.30847,147.61842,2013,4,16,NA,NA,NA
-19.30847,147.61842,2013,5,15,NA,NA,0.24010753631591797
-19.30847,147.61842,2013,6,11,23.546390067050368,NA,NA
-19.30847,147.61842,2013,7,19,22.466265074582793,NA,0.26902865845224133
-19.30847,147.61842,2013,8,8,22.309014686681337,NA,0.23420793607831
-19.30847,147.61842,2013,9,12,23.508320413537604,NA,0.8720248898863793
-19.30847,147.61842,2013,10,15,25.787360872346937,NA,0.429315192543942
-19.30847,147.61842,2013,11,14,24.912455212490443,NA,NA
-19.30847,147.61842,2013,12,5,27.469427692703903,NA,NA
-19.30847,147.61842,2014,1,22,28.814954691561525,NA,NA
-19.30847,147.61842,2014,2,20,27.702076172828697,NA,0.5149384859204292
-19.30847,147.61842,2014,3,17,27.10552708275543,NA,0.42894576270790663
-19.30847,147.61842,2014,5,1,26.403441906968794,NA,0.24097427406481334
-19.30847,147.61842,2014,5,27,24.633407036387894,NA,NA
-19.30847,147.61842,2014,6,24,23.080559351500142,NA,0.19310568631626665
-19.30847,147.61842,2014,7,17,22.868041119416603,NA,NA
-19.30847,147.61842,2014,8,20,22.13154888247351,NA,0.22003526464104653
-19.30847,147.61842,2014,9,10,NA,NA,NA
-19.30847,147.61842,2014,10,14,25.437910874858517,NA,0.6961358001828194
-19.30847,147.61842,2014,11,20,26.62663495091965,NA,NA
-19.30847,147.61842,2014,12,9,27.924354800045194,NA,NA
-19.30847,147.61842,2015,1,19,29.215437272237637,NA,NA
-19.30847,147.61842,2015,2,24,27.879882701663462,NA,NA
-19.30847,147.61842,2015,3,24,NA,NA,0.3266065463423729
-19.30847,147.61842,2015,4,30,26.845409160663507,NA,0.2937737038731575
-19.30847,147.61842,2015,6,1,25.156677309843985,NA,NA
-19.30847,147.61842,2015,6,18,23.912529840472132,NA,NA
-19.30847,147.61842,2015,8,4,22.974713258413885,NA,0.2067120188474655
-19.30847,147.61842,2015,8,25,23.361670238580587,NA,0.14855286204501203
-19.30847,147.61842,2015,9,23,24.58031406803059,NA,0.11341548362060597
-19.30847,147.61842,2015,10,27,25.361057849228416,NA,0.17305356760819754
-19.30847,147.61842,2015,11,11,23.6539115322754,NA,NA
-19.30847,147.61842,2015,12,3,27.979313827953092,NA,NA
-19.30847,147.61842,2016,1,22,28.275702410129213,NA,NA
-19.30847,147.61842,2016,2,15,NA,NA,0.40868265241384505
-19.30847,147.61842,2016,3,21,29.249485209501017,NA,NA
-19.30847,147.61842,2016,5,3,27.09386556046087,NA,NA
-19.30847,147.61842,2016,6,1,25.947957551810475,NA,0.4127866111018441
-19.30847,147.61842,2016,6,24,24.613960783165,NA,0.37236532151699064
-19.30847,147.61842,2016,7,25,23.95285330632703,NA,0.1618802173435688
-19.30847,147.61842,2016,8,23,23.45029369309549,NA,NA
-19.30847,147.61842,2016,9,27,26.68594379041349,NA,0.49859763592481615
-19.30847,147.61842,2016,10,12,25.88545284711705,NA,0.22238589509537346
-19.30847,147.61842,2016,11,8,28.20764515452089,NA,0.2901467557507332
-19.30847,147.61842,2016,12,7,27.545176837407098,NA,NA
-19.30847,147.61842,2017,1,20,29.57978127676995,NA,0.3725823083519936
-19.30847,147.61842,2017,2,20,30.136137914329993,NA,NA
-19.30847,147.61842,2017,3,22,28.723965287164447,NA,0.26174919066890595
-19.30847,147.61842,2017,4,26,25.173142090572014,NA,0.7239049355189006
-19.30847,147.61842,2017,5,28,24.675627155453014,NA,0.33335212349891663
-19.30847,147.61842,2017,7,5,22.81627951633186,NA,NA
-19.30847,147.61842,2017,7,24,23.132799566928327,NA,0.19730842784047126
-19.30847,147.61842,2017,8,16,23.096399610731794,NA,0.1953845372859468
-19.30847,147.61842,2017,9,6,23.94327533954754,NA,0.39814595818519594
-19.30847,147.61842,2017,10,25,26.046500084195316,NA,0.21037258192746325
-19.30847,147.61842,2017,11,30,25.984770729854517,NA,NA
-19.30847,147.61842,2017,12,15,28.24723753133793,NA,0.26196385234594344
-19.30847,147.61842,2018,1,30,27.74606168716241,NA,0
-19.30847,147.61842,2018,2,20,NA,NA,NA
-19.30847,147.61842,2018,3,29,27.2822559970121,NA,NA
-19.30847,147.61842,2018,4,25,NA,NA,0.30469755589962005
-19.30847,147.61842,2018,6,2,23.640173397443846,NA,0.34180652476847173
-19.30847,147.61842,2018,6,21,NA,NA,0.33350047305226327
-19.30847,147.61842,2018,7,20,NA,NA,0.20029063731111507
-19.30847,147.61842,2018,8,17,23.139688338004078,NA,0.23914252936840058
-19.30847,147.61842,2018,9,27,24.109098248016096,NA,0.21396961883973267
-19.30847,147.61842,2018,10,11,25.435811876878176,NA,0.3565143600423285
-19.30847,147.61842,2018,11,23,27.330114271734374,NA,0.3756525601659502
-19.30847,147.61842,2018,12,13,NA,NA,NA
-19.30847,147.61842,2019,1,24,27.280015621706866,NA,0
-19.30847,147.61842,2019,2,13,NA,NA,0
-19.30847,147.61842,2019,3,13,28.74071078373123,NA,NA
-19.30847,147.61842,2019,5,7,25.51363110342311,NA,0.374065553098917
-19.30847,147.61842,2019,5,28,NA,NA,NA
-19.30847,147.61842,2019,7,3,NA,NA,0.3351512420308459
-19.30847,147.61842,2019,8,8,NA,NA,0.19537608850408683
-19.30847,147.61842,2019,8,26,22.6809863929098,NA,0.16813012525439264
-19.30847,147.61842,2019,9,17,23.09873327495535,NA,NA
-19.30847,147.61842,2019,10,9,24.30847385954661,NA,0.24336402535438537
-19.30847,147.61842,2019,11,7,26.141447619274288,NA,NA
-19.30847,147.61842,2019,12,2,27.422467248514295,NA,NA
-19.30847,147.61842,2020,1,16,NA,NA,0.22953487575054168
-19.30847,147.61842,2020,2,12,30.67324976427483,NA,0.633784463107586
-19.30847,147.61842,2020,3,6,NA,NA,0.8011134878585213
-19.30847,147.61842,2020,4,22,27.78376941472294,NA,0.30088182169981675
-19.30847,147.61842,2020,6,11,NA,NA,0.30667221999686695
-19.30847,147.61842,2020,7,10,23.15297861278151,NA,0.2726803144864869
-19.30847,147.61842,2020,8,2,22.271436407292924,NA,NA
-19.30847,147.61842,2020,9,4,23.275739274006355,NA,0.199626387655735
-19.30847,147.61842,2020,9,26,24.732206785269113,NA,NA
-19.30847,147.61842,2020,10,26,NA,NA,NA
-19.30847,147.61842,2020,11,20,26.691801799749157,NA,NA
-19.30847,147.61842,2020,12,9,26.65548683367672,NA,NA
-19.30847,147.61842,2021,1,27,28.515321836974522,NA,0.2928894728422165
-19.30847,147.61842,2021,2,9,28.2844976314654,NA,NA
-19.30847,147.61842,2021,3,10,28.28081954197961,NA,0.36123830199241636
-19.30847,147.61842,2021,4,6,27.46612642137336,NA,NA
-19.30847,147.61842,2021,5,13,25.915501404628174,NA,0.3218823699653149
-19.30847,147.61842,2021,6,6,NA,NA,NA
-19.30847,147.61842,2021,6,23,NA,NA,0.25822376327382196
-19.30847,147.61842,2021,8,24,23.676699706949307,NA,0.1895660111308098
-19.30847,147.61842,2021,9,27,23.690848151445437,NA,NA
-19.30847,147.61842,2021,10,14,NA,NA,0.6418799607271559
-19.30847,147.61842,2021,11,22,27.508640838339943,NA,0.2863948949509197
-19.30847,147.61842,2021,12,9,NA,NA,NA
-19.30847,147.61842,2022,1,23,29.101505193903165,NA,0.18132029101252556
-19.30847,147.61842,2022,2,6,28.640398439373826,NA,0.6471288958016563
-19.30847,147.61842,2022,3,11,NA,NA,0.2289255206428823
-19.30847,147.61842,2022,4,6,28.381514586415165,NA,0
-19.30847,147.61842,2022,6,3,NA,NA,NA
-19.30847,147.61842,2022,6,17,NA,NA,NA
-12.4,130.76805,2011,6,27,NA,0.041934867121279716,NA
-12.4,130.76805,2011,10,5,NA,0.050133774841174164,NA
-12.4,130.76805,2012,1,14,28.63667594054715,0.0354577985744357,NA
-12.4,130.76805,2012,1,15,NA,0.034783058951172556,NA
-12.4,130.76805,2012,4,17,NA,0.03998939465612745,NA
-12.4,130.76805,2012,7,29,24.400693928093062,0.041695619373296564,1.4026192529701893
-12.4,130.76805,2012,7,30,24.22227158408083,0.039703641435264905,1.378092426723904
-12.4,130.76805,2012,10,30,30.1730566225703,0.07612152995013538,NA
-12.4,130.76805,2012,12,8,NA,0.08470492335060938,NA
-12.4,130.76805,2012,12,9,NA,0.08670872092984683,NA
-12.4,130.76805,2013,4,5,NA,0.05780042194842891,2.155300579752241
-12.4,130.76805,2013,6,17,27.161557472056302,0.028144506422625844,2.204256116019355
-12.4,130.76805,2013,9,16,28.084040156557137,0.02133785014165891,NA
-12.4,130.76805,2014,1,17,NA,0.02821653096990269,NA
-12.4,130.76805,2014,1,18,NA,0.027024364126790892,NA
-12.4,130.76805,2014,4,3,NA,0.03369803508664846,NA
-12.4,130.76805,2014,7,2,NA,0.028048845619764087,NA
-12.4,130.76805,2014,9,6,NA,0.04079832090147504,0.8614597943696108
-12.4,130.76805,2014,11,30,NA,0.03923159103690792,NA
-12.4,130.76805,2015,2,2,NA,0.11375490211038713,NA
-12.4,130.76805,2015,2,3,NA,0.10988051821219844,NA
-12.4,130.76805,2015,3,16,30.557520107793493,0.04308797415845934,2.3408651530742643
-12.4,130.76805,2015,5,5,NA,0.03615875721750406,NA
-12.4,130.76805,2015,8,3,NA,0.04253582164710909,3.2380232891339933
-12.4,130.76805,2015,8,4,25.61890496637983,0.04371232814002106,NA
-12.4,130.76805,2015,11,17,NA,0.024150682353419904,NA
-12.4,130.76805,2016,2,1,27.827370904292934,0.03574153479926144,NA
-12.4,130.76805,2016,2,2,26.00531835239383,0.03551939187420548,NA
-12.4,130.76805,2016,5,30,29.607256264589296,NA,1.7339623727296527
-12.4,130.76805,2016,7,23,25.927142180874966,0.00726351609112966,2.677412560582161
-12.4,130.76805,2016,7,24,NA,0.009631429517773264,2.5411353140342525
-12.4,130.76805,2016,11,7,NA,0.015973631605450688,NA
-12.4,130.76805,2017,2,2,29.349029210768663,0.026201437802777408,3.2166725918650627
-12.4,130.76805,2017,2,3,NA,0.029043891372794367,NA
-12.4,130.76805,2017,5,16,NA,0.02718616436132802,NA
-12.4,130.76805,2017,7,14,26.365839342747563,0.034669179018845094,3.12362401322885
-12.4,130.76805,2017,7,15,NA,0.03229670547663009,NA
-12.4,130.76805,2017,10,9,29.706298191224562,0.04394122045381716,3.617794650356944
-12.4,130.76805,2018,2,8,NA,0.03120149043576935,NA
-12.4,130.76805,2018,2,9,NA,0.029737584170544243,NA
-12.4,130.76805,2018,5,9,NA,0.014137915248805945,1.6284335017204286
-12.4,130.76805,2018,7,30,26.260109004440437,0.03912914104344376,2.195578861236572
-12.4,130.76805,2018,7,31,26.745944790116425,0.03313250922852192,3.000562007399811
-12.4,130.76805,2018,10,30,30.858116342469486,0.02677822078734596,NA
-12.4,130.76805,2019,2,13,NA,0.06750186928722933,0
-12.4,130.76805,2019,2,14,29.8253833735983,0.0702684143866449,0
-12.4,130.76805,2019,5,29,26.736731321457796,0.037879433890962884,1.3179737469729256
-12.4,130.76805,2019,7,22,NA,0.012749703443905722,2.704223994551034
-12.4,130.76805,2019,7,23,NA,0.013587578511722272,3.196674446006874
-12.4,130.76805,2019,11,5,NA,0.019369376243012427,NA
-12.4,130.76805,2020,2,3,NA,NA,NA
-12.4,130.76805,2020,2,4,NA,NA,NA
-12.4,130.76805,2020,5,11,NA,NA,NA
-12.4,130.76805,2020,8,10,NA,NA,2.7851321908492075
-12.4,130.76805,2020,9,21,28.84587269779297,NA,3.106404347853227
-12.4,130.76805,2020,9,22,28.47758758524435,NA,3.841996821490201
-12.4,130.76805,2020,11,23,29.593819706762872,NA,2.0137175588772216
-12.4,130.76805,2021,3,3,NA,NA,NA
-12.4,130.76805,2021,4,27,NA,NA,NA
-12.4,130.76805,2021,4,28,NA,NA,NA
-12.4,130.76805,2021,7,27,NA,NA,2.7977750505719867
-12.4,130.76805,2021,11,6,NA,NA,NA
-12.4,130.76805,2021,11,7,NA,NA,2.6399523136662504
-12.4,130.76805,2022,3,20,NA,NA,NA
-12.4,130.76805,2022,4,27,NA,NA,NA
-12.4,130.76805,2022,4,28,NA,NA,NA
-12.4,130.76805,2022,8,15,NA,NA,0
